[37600.387] run: arrival at 8803,2283, tiles below are relative to it
[37601.040] g1 appears on 8,-12 (8.50,-11.64) height 2712
[37601.111] g1 starts moving from 8,-12 (8.50,-11.78) height 2723 after standing 0.07 s
[37601.613] g1 onto 8,-13 (8.50,-12.50) height 2757
[37602.241] g1 onto 8,-14 (8.50,-13.50) height 2804
[37602.885] g1 onto 8,-15 (8.50,-14.50) height 2877
[37603.006] g1 lost from view on 8,-15 (8.50,-14.65) height 2889
[37604.274] g2 appears on 8,-17 (8.50,-16.50) height 2949
[37604.288] g2 starts moving from 8,-17 (8.50,-16.51) height 2949 after standing 0.01 s
[37604.993] g2 onto 8,-18 (8.50,-17.50) height 2949
[37605.620] g2 onto 8,-19 (8.50,-18.50) height 2949
[37606.208] g2 onto 8,-20 (8.50,-19.45) height 2949
[37606.879] g2 onto 8,-21 (8.50,-20.53) height 2949
[37607.475] g2 onto 8,-22 (8.50,-21.50) height 2949
[37608.144] g2 onto 8,-23 (8.50,-22.53) height 2949
[37608.740] g2 onto 8,-24 (8.50,-23.50) height 2949
[37609.208] g2 lost from view on 8,-25 (8.50,-24.23) height 2949
[37638.390] g3 appears on 16,-25 (16.50,-24.50) height 2949
[37639.188] g3 starts moving from 16,-25 (16.49,-24.50) height 2949 after standing 0.80 s
[37639.996] g3 onto 15,-25 (15.51,-24.50) height 2949
[37640.629] g3 onto 14,-25 (14.51,-24.50) height 2949
[37641.276] g3 onto 13,-25 (13.50,-24.50) height 2949
[37641.990] g3 onto 12,-25 (12.50,-24.50) height 2949
[37642.687] g3 onto 11,-25 (11.50,-24.50) height 2949
[37643.384] g3 onto 10,-25 (10.50,-24.50) height 2949
[37644.007] g3 onto 9,-25 (9.50,-24.50) height 2949
[37644.770] g3 onto 8,-25 (8.59,-24.42) height 2949
[37645.432] g3 onto 8,-24 (8.50,-23.49) height 2949
[37645.455] g3 lost from view on 8,-24 (8.50,-23.44) height 2949
[37648.615] g4 appears on 8,-19 (8.50,-18.78) height 2949
[37648.626] g4 starts moving from 8,-19 (8.50,-18.77) height 2949 after standing 0.01 s
[37649.451] g4 onto 8,-18 (8.50,-17.50) height 2949
[37650.079] g4 onto 8,-17 (8.50,-16.50) height 2949
[37650.725] g4 onto 8,-16 (8.50,-15.49) height 2932
[37651.153] g5 appears on -17,-15 (-16.50,-14.65) height 261
[37651.163] g5 starts moving from -17,-15 (-16.50,-14.64) height 261 after standing 0.01 s
[37651.367] g4 onto 8,-15 (8.50,-14.50) height 2877
[37652.003] g4 onto 8,-14 (8.50,-13.50) height 2805
[37651.187] g5 lost from view on -17,-15 (-16.50,-14.61) height 261
[37652.638] g6 appears on -17,-30 (-16.74,-29.50) height 261
[37652.648] g6 starts moving from -17,-30 (-16.73,-29.50) height 261 after standing 0.01 s
[37652.648] g4 onto 8,-13 (8.50,-12.50) height 2756
[37652.868] g6 stops on -17,-30 (-16.50,-29.50) height 261 after moving 0.22 s
[37653.251] g4 onto 8,-12 (8.50,-11.49) height 2700
[37653.832] g4 onto 8,-11 (8.63,-10.62) height 2661
[37654.399] g4 onto 9,-11 (9.50,-10.50) height 2772
[37654.780] g6 starts moving from -17,-30 (-16.50,-29.50) height 261 after standing 1.91 s
[37654.962] g7 appears on -16,-10 (-15.56,-9.50) height 261
[37654.974] g7 starts moving from -16,-10 (-15.55,-9.50) height 261 after standing 0.01 s
[37655.046] g4 onto 10,-11 (10.50,-10.50) height 2893
[37655.643] g4 onto 11,-11 (11.50,-10.50) height 2997
[37655.643] g7 onto -15,-10 (-14.50,-9.50) height 261
[37655.138] g6 lost from view on -17,-30 (-16.85,-29.50) height 261
[37656.286] g7 onto -14,-10 (-13.50,-9.50) height 261
[37655.879] g4 lost from view on 11,-11 (11.90,-10.50) height 3035
[37657.096] g7 onto -13,-10 (-12.50,-9.50) height 261
[37657.050] g7 stops on -13,-10 (-12.50,-9.50) height 261 after moving 2.08 s
[37659.011] g7 starts moving from -13,-10 (-12.51,-9.50) height 261 after standing 1.96 s
[37659.808] g7 onto -14,-10 (-13.50,-9.50) height 261
[37660.442] g7 onto -15,-10 (-14.51,-9.50) height 261
[37661.084] g7 onto -16,-10 (-15.53,-9.50) height 261
[37661.778] g7 onto -17,-10 (-16.37,-9.62) height 261
[37662.440] g7 onto -17,-11 (-16.50,-10.49) height 261
[37662.579] g7 lost from view on -17,-11 (-16.50,-10.69) height 261
[37674.002] g8 appears on 7,-31 (7.50,-30.50) height 2949
[37679.011] g8 treated as a spawn: hasn't moved since appearing 5 s ago
[37681.186] g8 lost from view on 7,-31 (7.50,-30.50) height 2949
[37689.362] g9 appears on 16,-11 (16.25,-10.46) height 3909
[37689.375] g9 starts moving from 16,-11 (16.24,-10.46) height 3909 after standing 0.01 s
[37689.860] g9 onto 15,-11 (15.50,-10.50) height 3909
[37690.439] g9 onto 14,-11 (14.50,-10.50) height 3861
[37691.021] g9 onto 13,-11 (13.50,-10.50) height 3541
[37691.644] g9 onto 12,-11 (12.50,-10.50) height 3236
[37692.242] g9 onto 11,-11 (11.50,-10.50) height 2997
[37692.826] g9 onto 10,-11 (10.50,-10.50) height 2893
[37693.442] g9 onto 9,-11 (9.50,-10.50) height 2773
[37694.136] g9 onto 8,-11 (8.62,-10.63) height 2659
[37694.791] g9 onto 8,-12 (8.50,-11.50) height 2701
[37695.493] g9 onto 8,-13 (8.50,-12.51) height 2757
[37696.199] g9 onto 8,-14 (8.50,-13.50) height 2805
[37696.824] g9 onto 8,-15 (8.50,-14.50) height 2877
[37697.463] g9 onto 8,-16 (8.50,-15.50) height 2933
[37698.101] g9 onto 8,-17 (8.50,-16.50) height 2949
[37698.756] g9 onto 8,-18 (8.50,-17.50) height 2949
[37699.381] g9 onto 8,-19 (8.50,-18.50) height 2949
[37700.026] g9 onto 8,-20 (8.50,-19.49) height 2949
[37700.635] g9 onto 8,-21 (8.50,-20.51) height 2949
[37701.232] g9 onto 8,-22 (8.50,-21.50) height 2949
[37701.849] g9 onto 8,-23 (8.50,-22.50) height 2949
[37702.423] g9 onto 8,-24 (8.50,-23.49) height 2949
[37703.042] g9 onto 8,-25 (8.50,-24.50) height 2949
[37703.645] g9 onto 8,-26 (8.50,-25.50) height 2949
[37704.231] g9 onto 8,-27 (8.50,-26.50) height 2949
[37704.839] g9 onto 8,-28 (8.50,-27.50) height 2949
[37705.441] g9 onto 8,-29 (8.50,-28.50) height 2949
[37706.024] g9 onto 8,-30 (8.50,-29.50) height 2949
[37706.646] g9 onto 8,-31 (8.50,-30.49) height 2949
[37707.295] g9 onto 8,-32 (8.50,-31.50) height 2949
[37708.000] g9 onto 8,-33 (8.38,-32.37) height 2949
[37708.630] g9 onto 7,-33 (7.51,-32.50) height 2949
[37709.315] g9 onto 6,-33 (6.50,-32.50) height 2949
[37709.612] g10 appears on -25,-14 (-24.50,-13.36) height 261
[37709.628] g10 starts moving from -25,-14 (-24.50,-13.41) height 261 after standing 0.02 s
[37710.041] g9 onto 5,-33 (5.49,-32.50) height 2949
[37710.385] g10 onto -25,-15 (-24.50,-14.50) height 261
[37710.494] g11 appears on -24,-38 (-23.50,-37.69) height 261
[37710.506] g11 starts moving from -24,-38 (-23.50,-37.66) height 261 after standing 0.01 s
[37710.666] g9 onto 4,-33 (4.50,-32.50) height 2949
[37711.002] g12 appears on 5,-88 (5.79,-87.50) height 2181
[37711.014] g12 starts moving from 5,-88 (5.84,-87.50) height 2181 after standing 0.01 s
[37711.255] g11 onto -24,-37 (-23.50,-36.52) height 261
[37711.299] g9 onto 3,-33 (3.50,-32.50) height 2949
[37711.456] g12 onto 6,-88 (6.38,-87.37) height 2181
[37710.494] g10 lost from view on -25,-15 (-24.50,-14.64) height 261
[37711.944] g9 onto 2,-33 (2.50,-32.50) height 2949
[37712.067] g12 onto 6,-87 (6.50,-86.50) height 2181
[37711.630] g11 lost from view on -24,-36 (-23.50,-35.90) height 261
[37712.755] g9 onto 1,-33 (1.50,-32.50) height 2949
[37712.728] g9 stops on 1,-33 (1.50,-32.50) height 2949 after moving 23.35 s
[37712.182] g12 lost from view on 6,-87 (6.50,-86.29) height 2181
[37712.928] g9 lost from view on 1,-33 (1.50,-32.50) height 2949
[37715.890] g13 appears on 4,-33 (4.80,-32.50) height 2949
[37715.900] g13 starts moving from 4,-33 (4.82,-32.50) height 2949 after standing 0.01 s
[37716.392] g13 onto 5,-33 (5.51,-32.50) height 2949
[37716.609] g13 lost from view on 5,-33 (5.83,-32.50) height 2949
[37717.855] g14 appears on -17,-19 (-16.91,-18.49) height 261
[37717.864] g14 starts moving from -17,-19 (-16.89,-18.49) height 261 after standing 0.01 s
[37718.763] g14 onto -17,-18 (-16.50,-17.50) height 261
[37719.469] g14 onto -17,-17 (-16.50,-16.50) height 261
[37720.167] g14 onto -17,-16 (-16.50,-15.48) height 261
[37720.778] g14 onto -17,-15 (-16.50,-14.50) height 261
[37721.121] g14 lost from view on -17,-14 (-16.50,-13.97) height 261
[37734.695] g15 appears on -21,-30 (-20.07,-29.50) height 261
[37734.715] g15 starts moving from -21,-30 (-20.08,-29.50) height 261 after standing 0.02 s
[37734.894] g15 lost from view on -21,-30 (-20.38,-29.50) height 261
[37738.325] g16 appears on 8,-24 (8.50,-23.65) height 2949
[37738.337] g16 starts moving from 8,-24 (8.50,-23.63) height 2949 after standing 0.01 s
[37739.061] g16 onto 8,-23 (8.50,-22.50) height 2949
[37739.769] g16 onto 8,-22 (8.50,-21.50) height 2949
[37740.470] g16 onto 8,-21 (8.50,-20.49) height 2949
[37740.587] g16 lost from view on 8,-21 (8.50,-20.31) height 2949
[37777.150] g17 appears on 16,-3 (16.50,-2.14) height 4933
[37777.173] g17 starts moving from 16,-3 (16.50,-2.16) height 4933 after standing 0.02 s
[37778.029] g17 onto 16,-4 (16.50,-3.50) height 4933
[37778.623] g17 onto 16,-5 (16.50,-4.50) height 4933
[37779.232] g17 onto 16,-6 (16.50,-5.50) height 4933
[37779.850] g17 onto 16,-7 (16.50,-6.50) height 4916
[37780.270] g18 appears on 0,-63 (0.86,-62.13) height 2181
[37780.281] g18 starts moving from 0,-63 (0.83,-62.15) height 2181 after standing 0.01 s
[37780.293] g18 lost from view on 0,-63 (0.82,-62.16) height 2181
[37780.310] g17 lost from view on 16,-8 (16.50,-7.28) height 4716
[37782.618] g19 appears on -1,-66 (-0.50,-65.13) height 2181
[37782.627] g19 starts moving from -1,-66 (-0.50,-65.14) height 2181 after standing 0.01 s
[37782.727] g20 appears on 15,-11 (15.76,-10.50) height 3909
[37782.738] g20 starts moving from 15,-11 (15.75,-10.50) height 3909 after standing 0.01 s
[37782.627] g19 lost from view on -1,-66 (-0.50,-65.14) height 2181
[37783.333] g20 onto 14,-11 (14.73,-10.50) height 3927
[37784.047] g20 onto 13,-11 (13.50,-10.50) height 3538
[37784.631] g20 onto 12,-11 (12.50,-10.50) height 3236
[37785.421] g20 onto 11,-11 (11.21,-10.50) height 2969
[37785.453] g21 appears on -21,-19 (-20.14,-18.50) height 261
[37785.465] g21 starts moving from -21,-19 (-20.10,-18.50) height 261 after standing 0.01 s
[37785.706] g20 onto 10,-11 (10.72,-10.50) height 2916
[37785.706] g21 onto -20,-19 (-19.70,-18.50) height 261
[37786.476] g21 onto -19,-19 (-18.49,-18.50) height 261
[37786.476] g20 onto 9,-11 (9.49,-10.50) height 2772
[37787.094] g21 onto -18,-19 (-17.49,-18.50) height 261
[37787.159] g20 onto 8,-11 (8.62,-10.63) height 2659
[37787.723] g21 onto -17,-19 (-16.65,-18.40) height 261
[37787.723] g20 onto 8,-12 (8.50,-11.41) height 2693
[37788.426] g21 onto -17,-18 (-16.50,-17.50) height 261
[37788.507] g20 onto 8,-13 (8.50,-12.49) height 2756
[37789.123] g21 onto -17,-17 (-16.50,-16.50) height 261
[37789.197] g20 onto 8,-14 (8.50,-13.50) height 2804
[37789.837] g21 onto -17,-16 (-16.50,-15.49) height 261
[37789.872] g20 onto 8,-15 (8.50,-14.50) height 2876
[37790.454] g21 onto -17,-15 (-16.50,-14.50) height 261
[37790.485] g20 onto 8,-16 (8.50,-15.50) height 2933
[37791.112] g21 onto -17,-14 (-16.50,-13.49) height 261
[37791.154] g20 onto 8,-17 (8.50,-16.50) height 2949
[37791.772] g21 onto -17,-13 (-16.50,-12.50) height 261
[37791.783] g20 onto 8,-18 (8.50,-17.51) height 2949
[37792.399] g21 onto -17,-12 (-16.50,-11.49) height 261
[37792.428] g20 onto 8,-19 (8.50,-18.50) height 2949
[37792.817] g21 onto -17,-11 (-16.50,-10.76) height 261
[37792.817] g20 onto 8,-20 (8.50,-19.20) height 2949
[37793.650] g20 onto 8,-21 (8.50,-20.50) height 2949
[37793.664] g21 onto -17,-10 (-16.37,-9.62) height 261
[37794.269] g20 onto 8,-22 (8.50,-21.51) height 2949
[37794.279] g21 onto -16,-10 (-15.50,-9.50) height 261
[37794.880] g20 onto 8,-23 (8.50,-22.50) height 2949
[37794.880] g21 onto -15,-10 (-14.50,-9.50) height 261
[37795.459] g20 onto 8,-24 (8.50,-23.50) height 2949
[37795.479] g21 onto -14,-10 (-13.50,-9.50) height 261
[37796.060] g20 onto 8,-25 (8.50,-24.50) height 2949
[37796.311] g21 onto -13,-10 (-12.50,-9.50) height 261
[37796.274] g21 stops on -13,-10 (-12.50,-9.50) height 261 after moving 10.81 s
[37796.663] g20 onto 8,-26 (8.50,-25.50) height 2949
[37797.245] g20 onto 8,-27 (8.50,-26.49) height 2949
[37797.815] g20 onto 8,-28 (8.50,-27.50) height 2949
[37798.179] g21 starts moving from -13,-10 (-12.50,-9.50) height 261 after standing 1.90 s
[37798.445] g20 onto 8,-29 (8.50,-28.50) height 2949
[37799.012] g21 onto -14,-10 (-13.50,-9.50) height 261
[37799.047] g20 onto 8,-30 (8.50,-29.47) height 2949
[37799.640] g20 onto 8,-31 (8.50,-30.50) height 2949
[37799.650] g21 onto -15,-10 (-14.50,-9.50) height 261
[37800.238] g20 onto 8,-32 (8.50,-31.50) height 2949
[37800.295] g21 onto -16,-10 (-15.50,-9.50) height 261
[37800.944] g20 onto 8,-33 (8.37,-32.38) height 2949
[37800.972] g21 onto -17,-10 (-16.37,-9.62) height 261
[37801.592] g20 onto 7,-33 (7.49,-32.50) height 2949
[37801.629] g21 onto -17,-11 (-16.50,-10.50) height 261
[37802.296] g20 onto 6,-33 (6.50,-32.50) height 2949
[37802.328] g21 onto -17,-12 (-16.50,-11.50) height 261
[37802.987] g20 onto 5,-33 (5.50,-32.50) height 2949
[37803.022] g21 onto -17,-13 (-16.50,-12.50) height 261
[37803.617] g20 onto 4,-33 (4.51,-32.50) height 2949
[37803.668] g21 onto -17,-14 (-16.50,-13.50) height 261
[37804.272] g20 onto 3,-33 (3.50,-32.50) height 2949
[37804.305] g21 onto -17,-15 (-16.50,-14.50) height 261
[37804.894] g20 onto 2,-33 (2.47,-32.50) height 2949
[37804.930] g21 onto -17,-16 (-16.50,-15.50) height 261
[37805.577] g21 onto -17,-17 (-16.50,-16.50) height 261
[37805.666] g20 onto 1,-33 (1.50,-32.50) height 2949
[37805.666] g20 stops on 1,-33 (1.50,-32.50) height 2949 after moving 22.93 s
[37806.229] g21 onto -17,-18 (-16.50,-17.51) height 261
[37806.594] g20 starts moving from 1,-33 (1.51,-32.50) height 2949 after standing 0.93 s
[37806.917] g21 onto -17,-19 (-16.62,-18.37) height 261
[37807.406] g20 onto 2,-33 (2.50,-32.50) height 2949
[37807.563] g21 onto -18,-19 (-17.50,-18.50) height 261
[37808.039] g20 onto 3,-33 (3.50,-32.50) height 2949
[37808.270] g21 onto -19,-19 (-18.51,-18.50) height 261
[37808.684] g20 onto 4,-33 (4.49,-32.50) height 2949
[37808.972] g21 onto -20,-19 (-19.50,-18.50) height 261
[37809.379] g20 onto 5,-33 (5.50,-32.50) height 2949
[37810.091] g20 onto 6,-33 (6.50,-32.50) height 2949
[37809.571] g21 lost from view on -21,-19 (-20.45,-18.50) height 261
[37810.783] g20 onto 7,-33 (7.50,-32.50) height 2949
[37811.562] g20 onto 8,-33 (8.42,-32.42) height 2949
[37812.223] g20 onto 8,-32 (8.50,-31.50) height 2949
[37812.932] g20 onto 8,-31 (8.50,-30.49) height 2949
[37813.631] g20 onto 8,-30 (8.50,-29.50) height 2949
[37814.337] g20 onto 8,-29 (8.50,-28.49) height 2949
[37815.031] g20 onto 8,-28 (8.50,-27.50) height 2949
[37815.668] g20 onto 8,-27 (8.50,-26.50) height 2949
[37816.300] g20 onto 8,-26 (8.50,-25.50) height 2949
[37817.175] g20 onto 8,-25 (8.50,-24.50) height 2949
[37817.075] g20 stops on 8,-25 (8.50,-24.50) height 2949 after moving 10.48 s
[37817.405] g20 starts moving from 8,-25 (8.50,-24.50) height 2949 after standing 0.33 s
[37818.227] g20 onto 9,-25 (9.51,-24.50) height 2949
[37818.864] g20 onto 10,-25 (10.51,-24.50) height 2949
[37819.505] g20 onto 11,-25 (11.50,-24.50) height 2949
[37820.205] g20 onto 12,-25 (12.50,-24.50) height 2949
[37820.901] g20 onto 13,-25 (13.50,-24.50) height 2949
[37821.599] g20 onto 14,-25 (14.50,-24.50) height 2949
[37822.245] g20 onto 15,-25 (15.51,-24.50) height 2949
[37823.036] g20 onto 16,-25 (16.50,-24.50) height 2949
[37823.027] g20 stops on 16,-25 (16.50,-24.50) height 2949 after moving 5.62 s
[37825.233] g20 starts moving from 16,-25 (16.49,-24.50) height 2949 after standing 2.21 s
[37826.031] g20 onto 15,-25 (15.49,-24.50) height 2949
[37826.660] g20 onto 14,-25 (14.50,-24.50) height 2949
[37827.017] g22 appears on -26,-21 (-25.14,-20.50) height 261
[37827.029] g22 starts moving from -26,-21 (-25.15,-20.50) height 261 after standing 0.01 s
[37827.102] g23 appears on -24,-50 (-23.50,-49.28) height 261
[37827.119] g23 starts moving from -24,-50 (-23.50,-49.30) height 261 after standing 0.02 s
[37827.310] g20 onto 13,-25 (13.50,-24.50) height 2949
[37827.842] g23 onto -24,-51 (-23.50,-50.51) height 261
[37827.906] g22 onto -27,-21 (-26.50,-20.50) height 261
[37828.004] g20 onto 12,-25 (12.50,-24.50) height 2949
[37828.446] g23 onto -24,-52 (-23.50,-51.51) height 261
[37828.598] g22 onto -28,-21 (-27.50,-20.50) height 261
[37828.694] g20 onto 11,-25 (11.50,-24.50) height 2949
[37829.059] g23 onto -24,-53 (-23.50,-52.51) height 325
[37829.316] g22 onto -29,-21 (-28.51,-20.50) height 261
[37829.412] g20 onto 10,-25 (10.50,-24.50) height 2949
[37829.653] g23 onto -24,-54 (-23.50,-53.51) height 569
[37830.008] g22 onto -30,-21 (-29.50,-20.50) height 261
[37830.043] g20 onto 9,-25 (9.50,-24.50) height 2949
[37830.247] g23 onto -24,-55 (-23.50,-54.50) height 885
[37830.638] g22 onto -31,-21 (-30.50,-20.50) height 261
[37830.862] g23 onto -24,-56 (-23.50,-55.50) height 1174
[37831.440] g23 onto -24,-57 (-23.50,-56.50) height 1221
[37831.450] g22 onto -32,-21 (-31.50,-20.50) height 261
[37831.419] g22 stops on -32,-21 (-31.50,-20.50) height 261 after moving 4.39 s
[37830.821] g20 lost from view on 8,-25 (8.60,-24.42) height 2949
[37832.027] g23 onto -24,-58 (-23.50,-57.52) height 1221
[37832.463] g22 starts moving from -32,-21 (-31.49,-20.50) height 261 after standing 1.04 s
[37832.638] g23 onto -24,-59 (-23.50,-58.50) height 1221
[37833.238] g22 onto -31,-21 (-30.49,-20.50) height 261
[37833.248] g23 onto -24,-60 (-23.50,-59.50) height 1221
[37833.810] g23 onto -24,-61 (-23.50,-60.50) height 1221
[37833.866] g22 onto -30,-21 (-29.50,-20.50) height 261
[37834.703] g22 onto -29,-21 (-28.29,-20.50) height 261
[37834.143] g23 lost from view on -24,-62 (-23.50,-61.01) height 1221
[37835.451] g22 onto -28,-21 (-27.24,-20.50) height 261
[37835.972] g22 onto -27,-21 (-26.50,-20.50) height 261
[37836.659] g22 onto -26,-21 (-25.50,-20.50) height 261
[37837.457] g22 onto -25,-21 (-24.50,-20.50) height 261
[37837.436] g22 stops on -25,-21 (-24.50,-20.50) height 261 after moving 4.97 s
[37837.804] g22 starts moving from -25,-21 (-24.50,-20.50) height 261 after standing 0.37 s
[37838.637] g22 onto -25,-20 (-24.50,-19.49) height 261
[37839.266] g22 onto -25,-19 (-24.50,-18.51) height 261
[37839.905] g22 onto -25,-18 (-24.50,-17.50) height 261
[37840.599] g22 onto -25,-17 (-24.50,-16.51) height 261
[37841.302] g22 onto -25,-16 (-24.50,-15.50) height 261
[37841.999] g22 onto -25,-15 (-24.50,-14.50) height 261
[37842.646] g22 onto -25,-14 (-24.50,-13.50) height 261
[37843.286] g22 onto -25,-13 (-24.50,-12.50) height 261
[37843.917] g22 onto -25,-12 (-24.50,-11.50) height 261
[37844.771] g22 onto -25,-11 (-24.50,-10.50) height 261
[37844.714] g22 stops on -25,-11 (-24.50,-10.50) height 261 after moving 6.91 s
[37846.798] g22 starts moving from -25,-11 (-24.50,-10.50) height 261 after standing 2.08 s
[37847.615] g22 onto -25,-12 (-24.50,-11.50) height 261
[37848.252] g22 onto -25,-13 (-24.50,-12.51) height 261
[37848.908] g22 onto -25,-14 (-24.50,-13.50) height 261
[37849.606] g22 onto -25,-15 (-24.50,-14.50) height 261
[37850.305] g22 onto -25,-16 (-24.50,-15.50) height 261
[37851.008] g22 onto -25,-17 (-24.50,-16.50) height 261
[37851.638] g22 onto -25,-18 (-24.50,-17.50) height 261
[37852.272] g22 onto -25,-19 (-24.37,-18.37) height 261
[37852.928] g22 onto -24,-19 (-23.50,-18.50) height 261
[37853.571] g22 onto -23,-19 (-22.50,-18.50) height 261
[37854.203] g22 onto -22,-19 (-21.50,-18.50) height 261
[37854.838] g22 onto -21,-19 (-20.50,-18.50) height 261
[37855.449] g22 onto -20,-19 (-19.49,-18.50) height 261
[37856.028] g22 onto -19,-19 (-18.50,-18.50) height 261
[37856.633] g22 onto -18,-19 (-17.50,-18.50) height 261
[37857.329] g22 onto -17,-19 (-16.63,-18.38) height 261
[37857.992] g22 onto -17,-18 (-16.50,-17.50) height 261
[37858.684] g22 onto -17,-17 (-16.50,-16.50) height 261
[37859.394] g22 onto -17,-16 (-16.50,-15.51) height 261
[37860.019] g22 onto -17,-15 (-16.50,-14.50) height 261
[37860.652] g22 onto -17,-14 (-16.50,-13.49) height 261
[37861.305] g22 onto -17,-13 (-16.50,-12.50) height 261
[37861.942] g22 onto -17,-12 (-16.50,-11.49) height 261
[37862.587] g22 onto -17,-11 (-16.50,-10.50) height 261
[37863.021] g22 onto -17,-10 (-16.47,-9.79) height 261
[37863.851] g22 onto -16,-10 (-15.50,-9.50) height 261
[37864.466] g22 onto -15,-10 (-14.50,-9.50) height 261
[37865.082] g22 onto -14,-10 (-13.50,-9.50) height 261
[37865.847] g22 onto -13,-10 (-12.50,-9.50) height 261
[37865.839] g22 stops on -13,-10 (-12.50,-9.50) height 261 after moving 19.04 s
[37867.835] g22 starts moving from -13,-10 (-12.51,-9.50) height 261 after standing 2.00 s
[37868.622] g22 onto -14,-10 (-13.50,-9.50) height 261
[37869.273] g22 onto -15,-10 (-14.50,-9.50) height 261
[37869.513] g24 appears on -24,-32 (-23.50,-31.10) height 261
[37869.522] g24 starts moving from -24,-32 (-23.50,-31.08) height 261 after standing 0.01 s
[37869.896] g22 onto -16,-10 (-15.50,-9.50) height 261
[37869.530] g24 lost from view on -24,-32 (-23.50,-31.06) height 261
[37870.594] g22 onto -17,-10 (-16.38,-9.63) height 261
[37870.771] g25 appears on -24,-30 (-23.79,-29.53) height 261
[37870.781] g25 starts moving from -24,-30 (-23.81,-29.52) height 261 after standing 0.01 s
[37871.257] g25 onto -25,-30 (-24.50,-29.50) height 261
[37871.257] g22 onto -17,-11 (-16.50,-10.50) height 261
[37871.940] g22 onto -17,-12 (-16.50,-11.50) height 261
[37871.940] g25 onto -26,-30 (-25.50,-29.50) height 261
[37872.638] g22 onto -17,-13 (-16.50,-12.50) height 261
[37873.288] g22 onto -17,-14 (-16.50,-13.50) height 261
[37872.363] g25 lost from view on -27,-30 (-26.08,-29.50) height 261
[37873.919] g22 onto -17,-15 (-16.50,-14.50) height 261
[37874.559] g22 onto -17,-16 (-16.50,-15.50) height 261
[37875.200] g22 onto -17,-17 (-16.50,-16.50) height 261
[37875.677] g22 lost from view on -17,-18 (-16.50,-17.25) height 261
[37877.546] g26 appears on -19,-19 (-18.00,-18.50) height 261
[37877.555] g26 starts moving from -19,-19 (-18.02,-18.50) height 261 after standing 0.01 s
[37878.449] g27 appears on -27,-30 (-26.41,-29.50) height 261
[37878.464] g27 starts moving from -27,-30 (-26.40,-29.50) height 261 after standing 0.02 s
[37878.592] g26 onto -20,-19 (-19.50,-18.50) height 261
[37879.121] g27 onto -26,-30 (-25.50,-29.50) height 261
[37879.219] g26 onto -21,-19 (-20.50,-18.50) height 261
[37879.802] g27 onto -25,-30 (-24.50,-29.50) height 261
[37879.869] g26 onto -22,-19 (-21.50,-18.50) height 261
[37880.446] g27 onto -24,-30 (-23.50,-29.50) height 261
[37880.515] g26 onto -23,-19 (-22.50,-18.50) height 261
[37881.083] g27 onto -23,-30 (-22.51,-29.50) height 261
[37881.231] g26 onto -24,-19 (-23.37,-18.58) height 261
[37881.724] g27 onto -22,-30 (-21.50,-29.50) height 261
[37881.870] g26 onto -24,-20 (-23.50,-19.50) height 261
[37882.375] g27 onto -21,-30 (-20.50,-29.50) height 261
[37882.572] g26 onto -24,-21 (-23.50,-20.50) height 261
[37882.997] g27 onto -20,-30 (-19.50,-29.50) height 261
[37883.296] g26 onto -24,-22 (-23.50,-21.50) height 261
[37883.648] g27 onto -19,-30 (-18.49,-29.50) height 261
[37883.956] g26 onto -24,-23 (-23.50,-22.50) height 261
[37884.283] g27 onto -18,-30 (-17.50,-29.50) height 261
[37884.620] g26 onto -24,-24 (-23.50,-23.50) height 261
[37885.071] g27 onto -17,-30 (-16.50,-29.50) height 261
[37885.062] g27 stops on -17,-30 (-16.50,-29.50) height 261 after moving 6.60 s
[37885.235] g26 onto -24,-25 (-23.50,-24.51) height 261
[37885.867] g26 onto -24,-26 (-23.50,-25.50) height 261
[37886.501] g26 onto -24,-27 (-23.50,-26.50) height 261
[37887.031] g27 starts moving from -17,-30 (-16.51,-29.50) height 261 after standing 1.97 s
[37887.145] g26 onto -24,-28 (-23.50,-27.50) height 261
[37887.783] g26 onto -24,-29 (-23.50,-28.50) height 261
[37887.837] g27 onto -18,-30 (-17.50,-29.50) height 261
[37888.455] g27 onto -19,-30 (-18.51,-29.50) height 261
[37888.455] g26 onto -24,-30 (-23.50,-29.26) height 261
[37889.111] g27 onto -20,-30 (-19.50,-29.50) height 261
[37889.122] g26 onto -24,-29 (-23.50,-28.51) height 261
[37889.803] g27 onto -21,-30 (-20.50,-29.50) height 261
[37889.836] g26 onto -24,-28 (-23.50,-27.50) height 261
[37890.495] g27 onto -22,-30 (-21.50,-29.50) height 261
[37890.523] g26 onto -24,-27 (-23.50,-26.50) height 261
[37891.207] g27 onto -23,-30 (-22.51,-29.50) height 261
[37891.224] g26 onto -24,-26 (-23.50,-25.50) height 261
[37891.868] g26 onto -24,-25 (-23.50,-24.50) height 261
[37891.981] g27 onto -24,-30 (-23.42,-29.58) height 261
[37892.504] g26 onto -24,-24 (-23.50,-23.49) height 261
[37893.143] g26 onto -24,-23 (-23.50,-22.50) height 261
[37892.183] g27 lost from view on -24,-30 (-23.50,-29.88) height 261
[37893.788] g26 onto -24,-22 (-23.50,-21.50) height 261
[37894.633] g26 onto -24,-21 (-23.50,-20.50) height 261
[37894.562] g26 stops on -24,-21 (-23.50,-20.50) height 261 after moving 17.01 s
[37895.401] g26 starts moving from -24,-21 (-23.50,-20.50) height 261 after standing 0.84 s
[37896.220] g26 onto -25,-21 (-24.50,-20.50) height 261
[37896.864] g26 onto -26,-21 (-25.50,-20.50) height 261
[37897.509] g26 onto -27,-21 (-26.50,-20.50) height 261
[37898.208] g26 onto -28,-21 (-27.50,-20.50) height 261
[37898.901] g26 onto -29,-21 (-28.50,-20.50) height 261
[37899.597] g26 onto -30,-21 (-29.50,-20.50) height 261
[37900.251] g26 onto -31,-21 (-30.51,-20.50) height 261
[37900.772] g26 lost from view on -32,-21 (-31.24,-20.50) height 261
[37902.292] g28 appears on -32,-21 (-31.24,-20.50) height 261
[37902.353] g28 starts moving from -32,-21 (-31.13,-20.50) height 261 after standing 0.06 s
[37902.823] g28 onto -31,-21 (-30.51,-20.50) height 261
[37903.478] g28 onto -30,-21 (-29.49,-20.50) height 261
[37904.119] g28 onto -29,-21 (-28.50,-20.50) height 261
[37904.824] g28 onto -28,-21 (-27.49,-20.50) height 261
[37905.526] g28 onto -27,-21 (-26.50,-20.50) height 261
[37906.238] g28 onto -26,-21 (-25.50,-20.50) height 261
[37907.023] g28 onto -25,-21 (-24.50,-20.50) height 261
[37907.004] g28 stops on -25,-21 (-24.50,-20.50) height 261 after moving 4.65 s
[37907.374] g28 starts moving from -25,-21 (-24.50,-20.50) height 261 after standing 0.37 s
[37908.213] g28 onto -25,-20 (-24.50,-19.50) height 261
[37908.851] g28 onto -25,-19 (-24.50,-18.50) height 261
[37909.483] g28 onto -25,-18 (-24.50,-17.50) height 261
[37910.183] g28 onto -25,-17 (-24.50,-16.50) height 261
[37910.895] g28 onto -25,-16 (-24.50,-15.50) height 261
[37911.598] g28 onto -25,-15 (-24.50,-14.51) height 261
[37912.221] g28 onto -25,-14 (-24.50,-13.50) height 261
[37912.444] g28 lost from view on -25,-14 (-24.50,-13.14) height 261
[37918.273] g29 appears on -25,-14 (-24.50,-13.14) height 261
[37918.294] g29 starts moving from -25,-14 (-24.50,-13.15) height 261 after standing 0.02 s
[37919.208] g29 onto -25,-15 (-24.50,-14.50) height 261
[37919.893] g29 onto -25,-16 (-24.50,-15.50) height 261
[37920.613] g29 onto -25,-17 (-24.50,-16.50) height 261
[37921.243] g29 onto -25,-18 (-24.50,-17.50) height 261
[37921.888] g29 onto -25,-19 (-24.37,-18.38) height 261
[37922.525] g29 onto -24,-19 (-23.50,-18.50) height 261
[37923.176] g29 onto -23,-19 (-22.50,-18.50) height 261
[37923.807] g29 onto -22,-19 (-21.50,-18.50) height 261
[37924.453] g29 onto -21,-19 (-20.50,-18.50) height 261
[37925.063] g29 onto -20,-19 (-19.48,-18.50) height 261
[37925.258] g29 lost from view on -20,-19 (-19.12,-18.50) height 261
[37931.406] g30 appears on -15,-43 (-14.01,-42.50) height 261
[37931.418] g30 starts moving from -14,-43 (-14.00,-42.50) height 261 after standing 0.01 s
[37931.882] g30 onto -14,-43 (-13.50,-42.50) height 261
[37931.868] g30 stops on -14,-43 (-13.50,-42.50) height 261 after moving 0.45 s
[37932.623] g30 starts moving from -14,-43 (-13.51,-42.50) height 261 after standing 0.76 s
[37933.431] g30 onto -15,-43 (-14.50,-42.50) height 261
[37934.050] g30 onto -16,-43 (-15.49,-42.50) height 261
[37934.709] g30 onto -17,-43 (-16.50,-42.50) height 261
[37935.188] g30 lost from view on -18,-43 (-17.16,-42.50) height 261
[37943.423] g31 appears on -24,-37 (-23.50,-36.55) height 261
[37943.435] g31 starts moving from -24,-37 (-23.50,-36.54) height 261 after standing 0.01 s
[37944.104] g31 onto -24,-36 (-23.50,-35.50) height 261
[37944.754] g31 onto -24,-35 (-23.50,-34.50) height 261
[37945.385] g31 onto -24,-34 (-23.50,-33.50) height 261
[37946.026] g31 onto -24,-33 (-23.50,-32.50) height 261
[37946.659] g31 onto -24,-32 (-23.50,-31.50) height 261
[37947.302] g31 onto -24,-31 (-23.50,-30.49) height 261
[37948.003] g31 onto -24,-30 (-23.63,-29.62) height 261
[37948.643] g31 onto -25,-30 (-24.50,-29.50) height 261
[37949.347] g31 onto -26,-30 (-25.51,-29.50) height 261
[37950.038] g31 onto -27,-30 (-26.50,-29.50) height 261
[37950.684] g31 onto -28,-30 (-27.49,-29.50) height 261
[37951.312] g31 onto -29,-30 (-28.50,-29.50) height 261
[37951.431] g32 appears on -24,-20 (-23.50,-19.46) height 261
[37951.439] g32 starts moving from -24,-20 (-23.50,-19.48) height 261 after standing 0.01 s
[37951.941] g31 onto -30,-30 (-29.51,-29.50) height 261
[37952.106] g32 onto -24,-21 (-23.50,-20.50) height 261
[37952.764] g31 onto -31,-30 (-30.50,-29.50) height 261
[37952.805] g32 onto -24,-22 (-23.50,-21.50) height 261
[37952.720] g31 stops on -31,-30 (-30.50,-29.50) height 261 after moving 9.29 s
[37953.011] g31 starts moving from -31,-30 (-30.49,-29.50) height 261 after standing 0.29 s
[37953.497] g32 onto -24,-23 (-23.50,-22.50) height 261
[37953.819] g31 onto -30,-30 (-29.50,-29.50) height 261
[37954.203] g32 onto -24,-24 (-23.50,-23.50) height 261
[37954.452] g31 onto -29,-30 (-28.50,-29.50) height 261
[37954.844] g32 onto -24,-25 (-23.50,-24.50) height 261
[37955.105] g31 onto -28,-30 (-27.50,-29.50) height 261
[37955.487] g32 onto -24,-26 (-23.50,-25.50) height 261
[37955.794] g31 onto -27,-30 (-26.50,-29.50) height 261
[37956.128] g32 onto -24,-27 (-23.50,-26.50) height 261
[37956.508] g31 onto -26,-30 (-25.50,-29.50) height 261
[37956.757] g32 onto -24,-28 (-23.50,-27.49) height 261
[37957.205] g31 onto -25,-30 (-24.50,-29.50) height 261
[37957.402] g32 onto -24,-29 (-23.50,-28.50) height 261
[37957.838] g31 onto -24,-30 (-23.50,-29.50) height 261
[37958.095] g32 onto -24,-30 (-23.50,-29.25) height 261
[37958.480] g31 onto -23,-30 (-22.50,-29.50) height 261
[37958.747] g32 onto -24,-29 (-23.50,-28.50) height 261
[37959.124] g31 onto -22,-30 (-21.50,-29.50) height 261
[37959.444] g32 onto -24,-28 (-23.50,-27.50) height 261
[37959.771] g31 onto -21,-30 (-20.50,-29.50) height 261
[37960.148] g32 onto -24,-27 (-23.50,-26.51) height 261
[37960.411] g31 onto -20,-30 (-19.50,-29.50) height 261
[37960.829] g32 onto -24,-26 (-23.50,-25.50) height 261
[37961.042] g31 onto -19,-30 (-18.51,-29.50) height 261
[37961.489] g32 onto -24,-25 (-23.50,-24.51) height 261
[37961.685] g31 onto -18,-30 (-17.50,-29.50) height 261
[37962.120] g32 onto -24,-24 (-23.50,-23.50) height 261
[37962.504] g31 onto -17,-30 (-16.50,-29.50) height 261
[37962.504] g31 stops on -17,-30 (-16.50,-29.50) height 261 after moving 9.49 s
[37962.755] g32 onto -24,-23 (-23.50,-22.51) height 261
[37963.007] g32 lost from view on -24,-23 (-23.50,-22.12) height 261
[37964.414] g31 starts moving from -17,-30 (-16.51,-29.50) height 261 after standing 1.91 s
[37965.218] g33 appears on 14,-54 (14.60,-53.50) height 2181
[37965.231] g33 starts moving from 14,-54 (14.58,-53.50) height 2181 after standing 0.01 s
[37965.231] g31 onto -18,-30 (-17.50,-29.50) height 261
[37965.842] g33 onto 13,-54 (13.51,-53.50) height 2181
[37965.877] g31 onto -19,-30 (-18.50,-29.50) height 261
[37966.470] g33 onto 12,-54 (12.50,-53.50) height 2181
[37966.517] g31 onto -20,-30 (-19.51,-29.50) height 261
[37967.056] g33 onto 11,-54 (11.50,-53.50) height 2181
[37967.204] g31 onto -21,-30 (-20.50,-29.50) height 261
[37967.673] g33 onto 10,-54 (10.49,-53.50) height 2181
[37967.904] g31 onto -22,-30 (-21.50,-29.50) height 261
[37968.261] g33 onto 9,-54 (9.51,-53.50) height 2181
[37968.602] g31 onto -23,-30 (-22.53,-29.50) height 261
[37968.864] g33 onto 8,-54 (8.50,-53.50) height 2181
[37969.401] g31 onto -24,-30 (-23.41,-29.57) height 261
[37969.444] g33 onto 7,-54 (7.50,-53.50) height 2181
[37970.032] g31 onto -24,-31 (-23.50,-30.50) height 261
[37970.066] g33 onto 6,-54 (6.50,-53.50) height 2181
[37970.667] g33 onto 5,-54 (5.50,-53.50) height 2181
[37970.667] g31 onto -24,-32 (-23.50,-31.51) height 261
[37971.236] g33 onto 4,-54 (4.50,-53.50) height 2181
[37971.318] g31 onto -24,-33 (-23.50,-32.50) height 261
[37971.868] g33 onto 3,-54 (3.65,-53.61) height 2181
[37972.020] g31 onto -24,-34 (-23.50,-33.50) height 261
[37972.493] g33 onto 3,-55 (3.50,-54.50) height 2181
[37972.679] g31 onto -24,-35 (-23.50,-34.48) height 261
[37973.009] g33 onto 3,-56 (3.50,-55.47) height 2181
[37973.408] g31 onto -24,-36 (-23.50,-35.53) height 261
[37973.673] g33 onto 3,-57 (3.50,-56.53) height 2181
[37974.006] g31 onto -24,-37 (-23.50,-36.50) height 261
[37974.206] g33 onto 3,-58 (3.50,-57.47) height 2181
[37974.684] g31 onto -24,-38 (-23.50,-37.53) height 261
[37974.876] g33 onto 3,-59 (3.50,-58.53) height 2181
[37975.286] g31 onto -24,-39 (-23.50,-38.50) height 261
[37975.407] g33 onto 3,-60 (3.39,-59.47) height 2181
[37975.875] g31 onto -24,-40 (-23.50,-39.45) height 261
[37976.004] g33 onto 2,-61 (2.50,-60.50) height 2181
[37976.539] g31 onto -24,-41 (-23.50,-40.50) height 261
[37976.605] g33 onto 1,-62 (1.53,-61.47) height 2181
[37977.212] g31 onto -24,-42 (-23.50,-41.53) height 261
[37977.275] g33 onto 0,-63 (0.46,-62.40) height 2181
[37977.819] g31 onto -24,-43 (-23.50,-42.50) height 261
[37977.872] g33 onto -1,-63 (-0.39,-62.64) height 2181
[37978.475] g33 onto -1,-64 (-0.50,-63.53) height 2181
[37978.475] g31 onto -24,-44 (-23.50,-43.53) height 261
[37979.006] g31 onto -24,-45 (-23.50,-44.47) height 261
[37979.006] g33 onto -1,-65 (-0.50,-64.47) height 2181
[37979.673] g33 onto -1,-66 (-0.50,-65.53) height 2181
[37979.673] g31 onto -24,-46 (-23.50,-45.53) height 261
[37980.138] g34 appears on 8,-22 (8.50,-21.36) height 2949
[37980.202] g34 starts moving from 8,-22 (8.50,-21.45) height 2949 after standing 0.06 s
[37980.202] g33 onto -1,-67 (-0.50,-66.47) height 2181
[37980.202] g31 onto -24,-47 (-23.50,-46.47) height 261
[37980.806] g34 onto 8,-23 (8.50,-22.47) height 2949
[37980.872] g33 onto -1,-68 (-0.50,-67.53) height 2181
[37980.872] g31 onto -24,-48 (-23.50,-47.53) height 261
[37981.406] g33 onto -1,-69 (-0.50,-68.47) height 2181
[37981.406] g31 onto -24,-49 (-23.50,-48.47) height 261
[37981.470] g34 onto 8,-24 (8.50,-23.53) height 2949
[37982.006] g34 onto 8,-25 (8.50,-24.47) height 2949
[37982.075] g31 onto -24,-50 (-23.50,-49.53) height 261
[37982.075] g33 onto -1,-70 (-0.50,-69.53) height 2181
[37982.607] g31 onto -24,-51 (-23.50,-50.47) height 261
[37982.607] g33 onto -1,-71 (-0.50,-70.47) height 2181
[37982.673] g34 onto 8,-26 (8.50,-25.53) height 2949
[37983.204] g34 onto 8,-27 (8.50,-26.47) height 2949
[37983.272] g31 onto -24,-52 (-23.50,-51.53) height 261
[37983.272] g33 onto -1,-72 (-0.50,-71.53) height 2181
[37983.802] g31 onto -24,-53 (-23.50,-52.47) height 321
[37983.802] g33 onto -1,-73 (-0.50,-72.47) height 2181
[37983.881] g34 onto 8,-28 (8.50,-27.53) height 2949
[37984.407] g34 onto 8,-29 (8.50,-28.47) height 2949
[37984.470] g33 onto -1,-74 (-0.65,-73.40) height 2181
[37984.470] g31 onto -24,-54 (-23.50,-53.53) height 576
[37985.008] g34 onto 8,-30 (8.50,-29.50) height 2949
[37985.008] g31 onto -24,-55 (-23.50,-54.47) height 876
[37985.073] g33 onto -2,-74 (-1.50,-73.50) height 2181
[37985.615] g34 onto 8,-31 (8.50,-30.50) height 2949
[37985.615] g33 onto -3,-74 (-2.47,-73.50) height 2181
[37985.672] g31 onto -24,-56 (-23.50,-55.53) height 1182
[37986.206] g31 onto -24,-57 (-23.50,-56.47) height 1221
[37986.272] g33 onto -4,-74 (-3.40,-73.65) height 2181
[37986.272] g34 onto 8,-32 (8.50,-31.53) height 2949
[37986.873] g33 onto -4,-75 (-3.50,-74.50) height 2181
[37986.873] g31 onto -24,-58 (-23.50,-57.53) height 1221
[37986.939] g34 onto 8,-33 (8.37,-32.38) height 2949
[37987.412] g31 onto -24,-59 (-23.50,-58.47) height 1221
[37987.412] g33 onto -4,-76 (-3.50,-75.47) height 2181
[37987.609] g34 onto 7,-33 (7.47,-32.50) height 2949
[37988.013] g33 onto -4,-77 (-3.50,-76.50) height 2181
[37988.013] g31 onto -24,-60 (-23.50,-59.50) height 1221
[37988.642] g31 onto -24,-61 (-23.50,-60.50) height 1221
[37988.642] g33 onto -4,-78 (-3.50,-77.50) height 2181
[37987.989] g34 lost from view on 6,-33 (6.99,-32.50) height 2949
[37989.264] g33 onto -4,-79 (-3.50,-78.50) height 2181
[37989.296] g31 onto -24,-62 (-23.50,-61.50) height 1221
[37989.880] g33 onto -4,-80 (-3.50,-79.50) height 2181
[37989.980] g31 onto -24,-63 (-23.50,-62.25) height 1221
[37990.473] g33 onto -4,-81 (-3.63,-80.37) height 2181
[37990.625] g31 onto -24,-62 (-23.50,-61.48) height 1221
[37991.050] g33 onto -5,-81 (-4.50,-80.50) height 2181
[37991.332] g31 onto -24,-61 (-23.50,-60.49) height 1221
[37991.659] g33 onto -6,-81 (-5.50,-80.50) height 2181
[37992.023] g31 onto -24,-60 (-23.50,-59.51) height 1221
[37992.280] g33 onto -7,-81 (-6.51,-80.50) height 2181
[37992.668] g31 onto -24,-59 (-23.50,-58.50) height 1221
[37992.870] g33 onto -8,-81 (-7.50,-80.50) height 2181
[37993.309] g31 onto -24,-58 (-23.50,-57.49) height 1221
[37993.444] g33 onto -9,-81 (-8.37,-80.37) height 2181
[37993.949] g31 onto -24,-57 (-23.50,-56.51) height 1221
[37994.039] g33 onto -9,-80 (-8.50,-79.50) height 2181
[37994.538] g31 onto -24,-56 (-23.50,-55.51) height 1176
[37994.538] g33 onto -9,-79 (-8.50,-78.64) height 2181
[37995.236] g31 onto -24,-55 (-23.50,-54.49) height 883
[37995.265] g33 onto -9,-78 (-8.50,-77.51) height 2181
[37995.859] g31 onto -24,-54 (-23.50,-53.49) height 563
[37995.859] g33 onto -9,-77 (-8.50,-76.49) height 2181
[37996.444] g33 onto -9,-76 (-8.50,-75.50) height 2181
[37996.462] g31 onto -24,-53 (-23.50,-52.51) height 325
[37997.047] g31 onto -24,-52 (-23.50,-51.50) height 261
[37997.057] g33 onto -9,-75 (-8.63,-74.62) height 2181
[37997.657] g31 onto -24,-51 (-23.50,-50.50) height 261
[37997.681] g33 onto -10,-75 (-9.50,-74.50) height 2181
[37998.262] g33 onto -11,-75 (-10.50,-74.50) height 2181
[37998.262] g31 onto -24,-50 (-23.50,-49.50) height 261
[37998.849] g31 onto -24,-49 (-23.50,-48.49) height 261
[37998.849] g33 onto -12,-75 (-11.50,-74.50) height 2181
[37999.463] g31 onto -24,-48 (-23.50,-47.50) height 261
[37999.463] g33 onto -13,-75 (-12.50,-74.50) height 2181
[38000.067] g31 onto -24,-47 (-23.50,-46.49) height 261
[38000.067] g33 onto -14,-75 (-13.51,-74.50) height 2181
[38000.662] g31 onto -24,-46 (-23.50,-45.50) height 261
[38000.662] g33 onto -15,-75 (-14.50,-74.50) height 2181
[38001.268] g31 onto -24,-45 (-23.50,-44.50) height 261
[38001.268] g33 onto -16,-75 (-15.50,-74.50) height 2181
[38001.867] g33 onto -17,-75 (-16.48,-74.50) height 2181
[38001.896] g31 onto -24,-44 (-23.50,-43.50) height 261
[38002.500] g33 onto -18,-75 (-17.50,-74.50) height 2181
[38002.594] g31 onto -24,-43 (-23.38,-42.63) height 261
[38003.083] g33 onto -19,-75 (-18.50,-74.50) height 2101
[38003.252] g31 onto -23,-43 (-22.51,-42.50) height 261
[38003.675] g33 onto -20,-75 (-19.50,-74.50) height 1844
[38003.951] g31 onto -22,-43 (-21.50,-42.50) height 261
[38004.149] g33 onto -21,-75 (-20.36,-74.50) height 1543
[38004.647] g31 onto -21,-43 (-20.50,-42.50) height 261
[38004.879] g33 onto -22,-75 (-21.51,-74.50) height 1268
[38005.295] g31 onto -20,-43 (-19.50,-42.50) height 261
[38005.469] g33 onto -23,-75 (-22.44,-74.50) height 1221
[38005.921] g31 onto -19,-43 (-18.50,-42.50) height 261
[38006.084] g33 onto -24,-75 (-23.49,-74.50) height 1221
[38006.571] g31 onto -18,-43 (-17.49,-42.50) height 261
[38006.715] g33 onto -25,-75 (-24.38,-74.63) height 1221
[38007.217] g31 onto -17,-43 (-16.50,-42.50) height 261
[38007.268] g33 onto -25,-76 (-24.50,-75.50) height 1221
[38007.853] g31 onto -16,-43 (-15.49,-42.50) height 261
[38007.864] g33 onto -25,-77 (-24.50,-76.50) height 1221
[38008.453] g33 onto -25,-78 (-24.50,-77.50) height 1221
[38008.488] g31 onto -15,-43 (-14.50,-42.50) height 261
[38009.072] g33 onto -25,-79 (-24.50,-78.52) height 1221
[38009.281] g31 onto -14,-43 (-13.50,-42.50) height 261
[38009.236] g31 stops on -14,-43 (-13.50,-42.50) height 261 after moving 44.82 s
[38009.541] g35 appears on 16,-25 (16.50,-24.50) height 2949
[38010.017] g31 starts moving from -14,-43 (-13.51,-42.50) height 261 after standing 0.78 s
[38010.157] g36 appears on -17,-11 (-16.50,-10.00) height 261
[38010.170] g36 starts moving from -17,-11 (-16.50,-10.03) height 261 after standing 0.01 s
[38009.552] g33 lost from view on -25,-80 (-24.50,-79.28) height 1221
[38010.840] g31 onto -15,-43 (-14.50,-42.50) height 261
[38011.163] g36 onto -17,-12 (-16.50,-11.50) height 261
[38011.466] g31 onto -16,-43 (-15.51,-42.50) height 261
[38011.808] g36 onto -17,-13 (-16.50,-12.50) height 261
[38010.840] g35 lost from view on 16,-25 (16.50,-24.50) height 2949
[38012.126] g31 onto -17,-43 (-16.50,-42.50) height 261
[38012.445] g36 onto -17,-14 (-16.50,-13.50) height 261
[38012.800] g31 onto -18,-43 (-17.51,-42.50) height 261
[38013.091] g36 onto -17,-15 (-16.50,-14.51) height 261
[38013.502] g31 onto -19,-43 (-18.50,-42.50) height 261
[38013.717] g36 onto -17,-16 (-16.50,-15.50) height 261
[38014.221] g31 onto -20,-43 (-19.52,-42.50) height 261
[38014.369] g36 onto -17,-17 (-16.50,-16.50) height 261
[38014.846] g31 onto -21,-43 (-20.50,-42.50) height 261
[38015.032] g36 onto -17,-18 (-16.50,-17.50) height 261
[38015.495] g31 onto -22,-43 (-21.51,-42.50) height 261
[38015.725] g36 onto -17,-19 (-16.63,-18.38) height 261
[38016.114] g31 onto -23,-43 (-22.50,-42.50) height 261
[38016.358] g36 onto -18,-19 (-17.50,-18.50) height 261
[38016.848] g31 onto -24,-43 (-23.39,-42.39) height 261
[38017.041] g36 onto -19,-19 (-18.50,-18.50) height 261
[38017.499] g31 onto -24,-42 (-23.50,-41.50) height 261
[38017.751] g36 onto -20,-19 (-19.50,-18.50) height 261
[38018.174] g31 onto -24,-41 (-23.50,-40.50) height 261
[38018.458] g36 onto -21,-19 (-20.49,-18.50) height 261
[38018.887] g31 onto -24,-40 (-23.50,-39.50) height 261
[38019.085] g36 onto -22,-19 (-21.50,-18.50) height 261
[38019.595] g31 onto -24,-39 (-23.50,-38.50) height 261
[38019.732] g36 onto -23,-19 (-22.50,-18.50) height 261
[38020.229] g31 onto -24,-38 (-23.50,-37.49) height 261
[38020.450] g36 onto -24,-19 (-23.39,-18.61) height 261
[38020.871] g31 onto -24,-37 (-23.50,-36.50) height 261
[38021.099] g36 onto -24,-20 (-23.50,-19.49) height 261
[38021.503] g31 onto -24,-36 (-23.50,-35.50) height 261
[38021.748] g36 onto -24,-21 (-23.50,-20.50) height 261
[38022.140] g31 onto -24,-35 (-23.50,-34.50) height 261
[38022.455] g36 onto -24,-22 (-23.50,-21.50) height 261
[38022.778] g31 onto -24,-34 (-23.50,-33.50) height 261
[38023.148] g36 onto -24,-23 (-23.50,-22.50) height 261
[38023.438] g31 onto -24,-33 (-23.50,-32.52) height 261
[38023.853] g36 onto -24,-24 (-23.50,-23.50) height 261
[38024.058] g31 onto -24,-32 (-23.50,-31.51) height 261
[38024.481] g36 onto -24,-25 (-23.50,-24.50) height 261
[38024.674] g31 onto -24,-31 (-23.50,-30.50) height 261
[38025.157] g36 onto -24,-26 (-23.50,-25.50) height 261
[38025.386] g31 onto -24,-30 (-23.63,-29.62) height 261
[38025.761] g36 onto -24,-27 (-23.50,-26.50) height 261
[38026.041] g31 onto -25,-30 (-24.51,-29.50) height 261
[38026.412] g36 onto -24,-28 (-23.50,-27.50) height 261
[38026.718] g31 onto -26,-30 (-25.50,-29.50) height 261
[38027.039] g36 onto -24,-29 (-23.50,-28.50) height 261
[38027.421] g31 onto -27,-30 (-26.50,-29.50) height 261
[38027.724] g36 onto -24,-30 (-23.50,-29.25) height 261
[38028.068] g31 onto -28,-30 (-27.49,-29.50) height 261
[38028.379] g36 onto -24,-29 (-23.50,-28.51) height 261
[38028.710] g31 onto -29,-30 (-28.51,-29.50) height 261
[38029.098] g36 onto -24,-28 (-23.50,-27.50) height 261
[38029.350] g31 onto -30,-30 (-29.50,-29.50) height 261
[38029.798] g36 onto -24,-27 (-23.50,-26.50) height 261
[38030.202] g31 onto -31,-30 (-30.50,-29.50) height 261
[38030.124] g31 stops on -31,-30 (-30.50,-29.50) height 261 after moving 20.11 s
[38030.425] g31 starts moving from -31,-30 (-30.50,-29.50) height 261 after standing 0.30 s
[38030.425] g36 onto -24,-26 (-23.50,-25.51) height 261
[38031.061] g36 onto -24,-25 (-23.50,-24.50) height 261
[38031.231] g31 onto -30,-30 (-29.51,-29.50) height 261
[38031.702] g36 onto -24,-24 (-23.50,-23.50) height 261
[38031.882] g31 onto -29,-30 (-28.50,-29.50) height 261
[38032.341] g36 onto -24,-23 (-23.50,-22.50) height 261
[38032.534] g31 onto -28,-30 (-27.50,-29.50) height 261
[38032.986] g36 onto -24,-22 (-23.50,-21.50) height 261
[38033.224] g31 onto -27,-30 (-26.49,-29.50) height 261
[38033.855] g36 onto -24,-21 (-23.50,-20.50) height 261
[38033.763] g36 stops on -24,-21 (-23.50,-20.50) height 261 after moving 23.59 s
[38033.921] g31 onto -26,-30 (-25.50,-29.50) height 261
[38034.613] g36 starts moving from -24,-21 (-23.51,-20.50) height 261 after standing 0.85 s
[38034.625] g31 onto -25,-30 (-24.50,-29.50) height 261
[38035.253] g31 onto -24,-30 (-23.50,-29.50) height 261
[38035.437] g36 onto -25,-21 (-24.50,-20.50) height 261
[38035.920] g31 onto -23,-30 (-22.50,-29.50) height 261
[38036.081] g36 onto -26,-21 (-25.50,-20.50) height 261
[38036.546] g31 onto -22,-30 (-21.50,-29.50) height 261
[38036.706] g36 onto -27,-21 (-26.50,-20.50) height 261
[38037.188] g31 onto -21,-30 (-20.50,-29.50) height 261
[38037.410] g36 onto -28,-21 (-27.51,-20.50) height 261
[38037.819] g31 onto -20,-30 (-19.50,-29.50) height 261
[38038.105] g36 onto -29,-21 (-28.50,-20.50) height 261
[38038.421] g31 onto -19,-30 (-18.51,-29.50) height 261
[38038.803] g36 onto -30,-21 (-29.50,-20.50) height 261
[38039.104] g31 onto -18,-30 (-17.49,-29.50) height 261
[38039.449] g36 onto -31,-21 (-30.51,-20.50) height 261
[38039.911] g31 onto -17,-30 (-16.50,-29.50) height 261
[38039.871] g31 stops on -17,-30 (-16.50,-29.50) height 261 after moving 9.45 s
[38040.181] g36 onto -32,-21 (-31.50,-20.50) height 261
[38040.181] g36 stops on -32,-21 (-31.50,-20.50) height 261 after moving 5.57 s
[38041.209] g36 starts moving from -32,-21 (-31.50,-20.50) height 261 after standing 1.03 s
[38041.835] g31 starts moving from -17,-30 (-16.52,-29.50) height 261 after standing 1.96 s
[38042.024] g36 onto -31,-21 (-30.51,-20.50) height 261
[38042.623] g31 onto -18,-30 (-17.49,-29.50) height 261
[38042.655] g36 onto -30,-21 (-29.51,-20.50) height 261
[38043.267] g31 onto -19,-30 (-18.48,-29.50) height 261
[38043.295] g36 onto -29,-21 (-28.50,-20.50) height 261
[38043.918] g31 onto -20,-30 (-19.50,-29.50) height 261
[38044.014] g36 onto -28,-21 (-27.50,-20.50) height 261
[38044.616] g31 onto -21,-30 (-20.50,-29.50) height 261
[38044.710] g36 onto -27,-21 (-26.50,-20.50) height 261
[38045.293] g31 onto -22,-30 (-21.50,-29.50) height 261
[38045.400] g36 onto -26,-21 (-25.51,-20.50) height 261
[38046.015] g31 onto -23,-30 (-22.48,-29.50) height 261
[38046.207] g36 onto -25,-21 (-24.50,-20.50) height 261
[38046.175] g36 stops on -25,-21 (-24.50,-20.50) height 261 after moving 4.97 s
[38046.626] g36 starts moving from -25,-21 (-24.50,-20.49) height 261 after standing 0.45 s
[38046.777] g31 onto -24,-30 (-23.42,-29.58) height 261
[38047.430] g36 onto -25,-20 (-24.50,-19.50) height 261
[38047.430] g31 onto -24,-31 (-23.50,-30.50) height 261
[38048.047] g36 onto -25,-19 (-24.50,-18.51) height 261
[38048.047] g31 onto -24,-32 (-23.50,-31.49) height 261
[38048.701] g31 onto -24,-33 (-23.50,-32.53) height 261
[38048.701] g36 onto -25,-18 (-24.50,-17.47) height 261
[38049.383] g36 onto -25,-17 (-24.50,-16.52) height 261
[38049.383] g31 onto -24,-34 (-23.50,-33.48) height 261
[38050.115] g31 onto -24,-35 (-23.50,-34.53) height 261
[38050.115] g36 onto -25,-16 (-24.50,-15.47) height 261
[38050.765] g31 onto -24,-36 (-23.50,-35.48) height 261
[38050.765] g36 onto -25,-15 (-24.50,-14.52) height 261
[38051.436] g31 onto -24,-37 (-23.50,-36.53) height 261
[38051.436] g36 onto -25,-14 (-24.50,-13.47) height 261
[38052.046] g31 onto -24,-38 (-23.50,-37.50) height 261
[38052.046] g36 onto -25,-13 (-24.50,-12.50) height 261
[38052.703] g31 onto -24,-39 (-23.50,-38.53) height 261
[38052.703] g36 onto -25,-12 (-24.50,-11.47) height 261
[38053.299] g31 onto -24,-40 (-23.50,-39.50) height 261
[38053.437] g36 onto -25,-11 (-24.50,-10.50) height 261
[38053.437] g36 stops on -25,-11 (-24.50,-10.50) height 261 after moving 6.81 s
[38053.967] g31 onto -24,-41 (-23.50,-40.53) height 261
[38054.566] g31 onto -24,-42 (-23.50,-41.50) height 261
[38055.164] g31 onto -24,-43 (-23.50,-42.45) height 261
[38055.633] g36 starts moving from -25,-11 (-24.50,-10.53) height 261 after standing 2.20 s
[38055.767] g31 onto -24,-44 (-23.50,-43.47) height 261
[38056.365] g31 onto -24,-45 (-23.50,-44.49) height 261
[38056.365] g36 onto -25,-12 (-24.50,-11.45) height 261
[38056.964] g31 onto -24,-46 (-23.50,-45.47) height 261
[38057.032] g36 onto -25,-13 (-24.50,-12.53) height 261
[38057.567] g31 onto -24,-47 (-23.50,-46.49) height 261
[38057.696] g36 onto -25,-14 (-24.50,-13.48) height 261
[38058.170] g31 onto -24,-48 (-23.50,-47.47) height 261
[38058.435] g36 onto -25,-15 (-24.50,-14.53) height 261
[38058.767] g31 onto -24,-49 (-23.50,-48.49) height 261
[38059.149] g36 onto -25,-16 (-24.50,-15.50) height 261
[38059.206] g37 appears on 18,-75 (18.50,-74.11) height 2181
[38059.217] g37 starts moving from 18,-75 (18.50,-74.12) height 2181 after standing 0.01 s
[38059.457] g31 onto -24,-50 (-23.50,-49.50) height 261
[38060.043] g31 onto -24,-51 (-23.50,-50.49) height 261
[38060.110] g37 onto 18,-76 (18.50,-75.49) height 2181
[38059.217] g36 lost from view on -25,-16 (-24.50,-15.60) height 261
[38060.666] g31 onto -24,-52 (-23.50,-51.50) height 261
[38060.811] g37 onto 18,-77 (18.50,-76.50) height 2181
[38061.265] g31 onto -24,-53 (-23.50,-52.50) height 325
[38061.497] g37 onto 18,-78 (18.50,-77.50) height 2181
[38061.862] g31 onto -24,-54 (-23.50,-53.49) height 560
[38062.203] g37 onto 18,-79 (18.50,-78.50) height 2181
[38062.462] g31 onto -24,-55 (-23.50,-54.50) height 885
[38062.853] g37 onto 18,-80 (18.50,-79.51) height 2181
[38063.063] g31 onto -24,-56 (-23.50,-55.48) height 1168
[38063.474] g37 onto 18,-81 (18.38,-80.37) height 2181
[38063.701] g31 onto -24,-57 (-23.50,-56.51) height 1221
[38064.120] g37 onto 17,-81 (17.50,-80.50) height 2181
[38064.297] g31 onto -24,-58 (-23.50,-57.50) height 1221
[38064.769] g37 onto 16,-81 (16.50,-80.50) height 2181
[38064.855] g31 onto -24,-59 (-23.50,-58.49) height 1221
[38065.399] g37 onto 15,-81 (15.50,-80.50) height 2181
[38065.452] g31 onto -24,-60 (-23.50,-59.50) height 1221
[38066.029] g31 onto -24,-61 (-23.50,-60.50) height 1221
[38066.039] g37 onto 14,-81 (14.50,-80.50) height 2181
[38066.655] g31 onto -24,-62 (-23.50,-61.50) height 1221
[38066.665] g37 onto 13,-81 (13.50,-80.50) height 2181
[38067.269] g37 onto 12,-81 (12.49,-80.50) height 2181
[38067.327] g31 onto -24,-63 (-23.50,-62.25) height 1221
[38067.876] g37 onto 11,-81 (11.49,-80.50) height 2181
[38067.989] g31 onto -24,-62 (-23.50,-61.50) height 1221
[38068.447] g37 onto 10,-81 (10.50,-80.50) height 2181
[38068.694] g31 onto -24,-61 (-23.50,-60.49) height 1221
[38069.074] g37 onto 9,-81 (9.50,-80.50) height 2181
[38069.374] g31 onto -24,-60 (-23.50,-59.50) height 1221
[38069.653] g37 onto 8,-81 (8.50,-80.50) height 2181
[38070.024] g31 onto -24,-59 (-23.50,-58.50) height 1221
[38070.241] g37 onto 7,-81 (7.62,-80.63) height 2181
[38070.667] g31 onto -24,-58 (-23.50,-57.50) height 1221
[38070.832] g37 onto 7,-82 (7.50,-81.53) height 2181
[38071.309] g31 onto -24,-57 (-23.50,-56.50) height 1221
[38071.435] g37 onto 7,-83 (7.50,-82.50) height 2181
[38071.946] g31 onto -24,-56 (-23.50,-55.50) height 1171
[38072.073] g37 onto 7,-84 (7.50,-83.50) height 2181
[38072.587] g31 onto -24,-55 (-23.50,-54.50) height 884
[38072.689] g37 onto 7,-85 (7.50,-84.50) height 2181
[38073.258] g31 onto -24,-54 (-23.50,-53.50) height 564
[38073.270] g37 onto 7,-86 (7.50,-85.49) height 2181
[38073.850] g37 onto 7,-87 (7.38,-86.37) height 2181
[38073.872] g31 onto -24,-53 (-23.50,-52.50) height 325
[38074.469] g31 onto -24,-52 (-23.50,-51.50) height 261
[38074.481] g37 onto 6,-87 (6.50,-86.50) height 2181
[38075.041] g31 onto -24,-51 (-23.50,-50.50) height 261
[38075.070] g37 onto 5,-87 (5.50,-86.50) height 2181
[38075.652] g37 onto 4,-87 (4.50,-86.50) height 2181
[38075.669] g31 onto -24,-50 (-23.50,-49.50) height 261
[38076.261] g37 onto 3,-87 (3.50,-86.50) height 2181
[38076.261] g31 onto -24,-49 (-23.50,-48.50) height 261
[38076.572] g38 appears on 8,-28 (8.50,-27.03) height 2949
[38076.586] g38 starts moving from 8,-28 (8.50,-27.04) height 2949 after standing 0.01 s
[38076.854] g31 onto -24,-48 (-23.50,-47.49) height 261
[38076.872] g37 onto 2,-87 (2.50,-86.50) height 2181
[38076.974] g39 appears on -13,-10 (-12.91,-9.50) height 261
[38076.983] g39 starts moving from -13,-10 (-12.93,-9.50) height 261 after standing 0.01 s
[38077.417] g39 onto -14,-10 (-13.49,-9.50) height 261
[38077.475] g38 onto 8,-29 (8.50,-28.50) height 2949
[38077.475] g31 onto -24,-47 (-23.50,-46.50) height 261
[38076.948] g37 lost from view on 2,-87 (2.36,-86.50) height 2181
[38078.060] g39 onto -15,-10 (-14.50,-9.50) height 261
[38078.070] g38 onto 8,-30 (8.50,-29.50) height 2949
[38078.070] g31 onto -24,-46 (-23.50,-45.50) height 261
[38078.646] g38 onto 8,-31 (8.50,-30.50) height 2949
[38078.646] g31 onto -24,-45 (-23.50,-44.50) height 261
[38078.714] g39 onto -16,-10 (-15.49,-9.50) height 261
[38079.302] g38 onto 8,-32 (8.50,-31.47) height 2949
[38079.302] g31 onto -24,-44 (-23.50,-43.53) height 261
[38079.407] g39 onto -17,-10 (-16.38,-9.63) height 261
[38079.917] g38 onto 8,-33 (8.40,-32.35) height 2949
[38079.917] g31 onto -24,-43 (-23.40,-42.65) height 261
[38080.043] g39 onto -17,-11 (-16.50,-10.53) height 261
[38080.577] g38 onto 7,-33 (7.50,-32.50) height 2949
[38080.577] g31 onto -23,-43 (-22.50,-42.50) height 261
[38080.707] g39 onto -17,-12 (-16.50,-11.48) height 261
[38081.312] g38 onto 6,-33 (6.47,-32.50) height 2949
[38081.312] g31 onto -22,-43 (-21.47,-42.50) height 261
[38081.379] g39 onto -17,-13 (-16.50,-12.53) height 261
[38081.974] g31 onto -21,-43 (-20.50,-42.50) height 261
[38081.974] g38 onto 5,-33 (5.50,-32.50) height 2949
[38081.974] g39 onto -17,-14 (-16.50,-13.50) height 261
[38082.652] g38 onto 4,-33 (4.47,-32.50) height 2949
[38082.652] g39 onto -17,-15 (-16.50,-14.53) height 261
[38082.652] g31 onto -20,-43 (-19.47,-42.50) height 261
[38083.243] g39 onto -17,-16 (-16.50,-15.50) height 261
[38083.243] g31 onto -19,-43 (-18.50,-42.50) height 261
[38083.243] g38 onto 3,-33 (3.50,-32.50) height 2949
[38083.909] g31 onto -18,-43 (-17.47,-42.50) height 261
[38083.909] g38 onto 2,-33 (2.47,-32.50) height 2949
[38083.909] g39 onto -17,-17 (-16.50,-16.53) height 261
[38084.512] g39 onto -17,-18 (-16.50,-17.50) height 261
[38084.512] g31 onto -17,-43 (-16.50,-42.50) height 261
[38084.640] g38 onto 1,-33 (1.50,-32.50) height 2949
[38084.640] g38 stops on 1,-33 (1.50,-32.50) height 2949 after moving 8.05 s
[38085.124] g31 onto -16,-43 (-15.55,-42.50) height 261
[38085.178] g39 onto -17,-19 (-16.60,-18.37) height 261
[38085.643] g38 starts moving from 1,-33 (1.53,-32.50) height 2949 after standing 1.00 s
[38085.785] g31 onto -15,-43 (-14.50,-42.50) height 261
[38085.843] g39 onto -18,-19 (-17.50,-18.50) height 261
[38086.377] g38 onto 2,-33 (2.48,-32.50) height 2949
[38086.508] g39 onto -19,-19 (-18.45,-18.50) height 261
[38086.578] g31 onto -14,-43 (-13.50,-42.50) height 261
[38086.578] g31 stops on -14,-43 (-13.50,-42.50) height 261 after moving 44.74 s
[38087.038] g38 onto 3,-33 (3.53,-32.50) height 2949
[38087.245] g39 onto -20,-19 (-19.50,-18.50) height 261
[38087.444] g31 starts moving from -14,-43 (-13.53,-42.50) height 261 after standing 0.87 s
[38087.705] g38 onto 4,-33 (4.48,-32.50) height 2949
[38087.910] g39 onto -21,-19 (-20.45,-18.50) height 261
[38088.176] g31 onto -15,-43 (-14.48,-42.50) height 261
[38088.446] g38 onto 5,-33 (5.53,-32.50) height 2949
[38088.575] g39 onto -22,-19 (-21.50,-18.50) height 261
[38088.842] g31 onto -16,-43 (-15.53,-42.50) height 261
[38089.138] g38 onto 6,-33 (6.48,-32.50) height 2949
[38089.242] g39 onto -23,-19 (-22.53,-18.50) height 261
[38089.509] g31 onto -17,-43 (-16.48,-42.50) height 261
[38089.776] g38 onto 7,-33 (7.53,-32.50) height 2949
[38089.978] g39 onto -24,-19 (-23.41,-18.62) height 261
[38090.241] g31 onto -18,-43 (-17.53,-42.50) height 261
[38090.511] g38 onto 8,-33 (8.39,-32.44) height 2949
[38090.575] g39 onto -24,-20 (-23.50,-19.47) height 261
[38090.908] g31 onto -19,-43 (-18.48,-42.50) height 261
[38091.189] g38 onto 8,-32 (8.50,-31.50) height 2949
[38091.245] g39 onto -24,-21 (-23.50,-20.50) height 261
[38091.576] g31 onto -20,-43 (-19.53,-42.50) height 261
[38091.842] g38 onto 8,-31 (8.50,-30.47) height 2949
[38091.926] g39 onto -24,-22 (-23.50,-21.45) height 261
[38092.174] g31 onto -21,-43 (-20.50,-42.50) height 261
[38092.513] g38 onto 8,-30 (8.50,-29.52) height 2949
[38092.644] g39 onto -24,-23 (-23.50,-22.50) height 261
[38092.844] g31 onto -22,-43 (-21.53,-42.50) height 261
[38093.249] g38 onto 8,-29 (8.50,-28.47) height 2949
[38093.331] g39 onto -24,-24 (-23.50,-23.45) height 261
[38093.455] g31 onto -23,-43 (-22.50,-42.50) height 261
[38093.912] g38 onto 8,-28 (8.50,-27.52) height 2949
[38093.992] g39 onto -24,-25 (-23.50,-24.50) height 261
[38094.176] g31 onto -24,-43 (-23.40,-42.39) height 261
[38094.582] g38 onto 8,-27 (8.50,-26.47) height 2949
[38094.644] g39 onto -24,-26 (-23.50,-25.53) height 261
[38094.843] g31 onto -24,-42 (-23.50,-41.46) height 261
[38095.259] g39 onto -24,-27 (-23.50,-26.50) height 261
[38095.447] g31 onto -24,-41 (-23.50,-40.53) height 261
[38095.905] g39 onto -24,-28 (-23.50,-27.50) height 261
[38094.989] g38 lost from view on 8,-26 (8.50,-25.80) height 2949
[38096.187] g31 onto -24,-40 (-23.50,-39.50) height 261
[38096.539] g39 onto -24,-29 (-23.50,-28.50) height 261
[38096.887] g31 onto -24,-39 (-23.50,-38.50) height 261
[38097.245] g39 onto -24,-30 (-23.50,-29.27) height 261
[38097.578] g31 onto -24,-38 (-23.50,-37.50) height 261
[38097.918] g39 onto -24,-29 (-23.50,-28.50) height 261
[38098.223] g31 onto -24,-37 (-23.50,-36.51) height 261
[38098.597] g39 onto -24,-28 (-23.50,-27.50) height 261
[38098.863] g31 onto -24,-36 (-23.50,-35.50) height 261
[38099.312] g39 onto -24,-27 (-23.50,-26.50) height 261
[38099.503] g31 onto -24,-35 (-23.50,-34.50) height 261
[38100.006] g39 onto -24,-26 (-23.50,-25.49) height 261
[38100.156] g31 onto -24,-34 (-23.50,-33.50) height 261
[38100.643] g39 onto -24,-25 (-23.50,-24.50) height 261
[38100.783] g31 onto -24,-33 (-23.50,-32.51) height 261
[38101.291] g39 onto -24,-24 (-23.50,-23.50) height 261
[38101.428] g31 onto -24,-32 (-23.50,-31.50) height 261
[38101.929] g39 onto -24,-23 (-23.50,-22.50) height 261
[38102.057] g31 onto -24,-31 (-23.50,-30.50) height 261
[38102.753] g31 onto -24,-30 (-23.63,-29.63) height 261
[38102.398] g39 lost from view on -24,-22 (-23.50,-21.74) height 261
[38103.414] g31 onto -25,-30 (-24.51,-29.50) height 261
[38104.101] g31 onto -26,-30 (-25.50,-29.50) height 261
[38104.805] g31 onto -27,-30 (-26.50,-29.50) height 261
[38105.460] g31 onto -28,-30 (-27.50,-29.50) height 261
[38106.080] g31 onto -29,-30 (-28.49,-29.50) height 261
[38106.756] g31 onto -30,-30 (-29.51,-29.50) height 261
[38107.556] g31 onto -31,-30 (-30.50,-29.50) height 261
[38107.508] g31 stops on -31,-30 (-30.50,-29.50) height 261 after moving 20.06 s
[38107.845] g31 starts moving from -31,-30 (-30.49,-29.50) height 261 after standing 0.34 s
[38108.653] g31 onto -30,-30 (-29.50,-29.50) height 261
[38109.027] g31 lost from view on -29,-30 (-28.89,-29.50) height 261
[38127.550] g40 appears on 3,-59 (3.50,-58.08) height 2181
[38127.570] g40 starts moving from 3,-59 (3.50,-58.04) height 2181 after standing 0.02 s
[38127.634] g41 appears on -24,-35 (-23.50,-34.67) height 261
[38127.647] g41 starts moving from -24,-35 (-23.50,-34.68) height 261 after standing 0.01 s
[38127.911] g40 onto 3,-58 (3.50,-57.47) height 2181
[38128.239] g41 onto -24,-36 (-23.50,-35.50) height 261
[38128.465] g40 onto 3,-57 (3.50,-56.51) height 2181
[38129.047] g40 onto 3,-56 (3.50,-55.50) height 2181
[38128.477] g41 lost from view on -24,-36 (-23.50,-35.91) height 261
[38129.098] g40 lost from view on 3,-56 (3.50,-55.43) height 2181
[38130.929] g42 appears on 4,-54 (4.63,-53.50) height 2181
[38130.940] g42 starts moving from 4,-54 (4.65,-53.50) height 2181 after standing 0.01 s
[38131.448] g42 onto 5,-54 (5.50,-53.50) height 2181
[38132.063] g42 onto 6,-54 (6.50,-53.50) height 2181
[38132.673] g42 onto 7,-54 (7.49,-53.50) height 2181
[38133.291] g42 onto 8,-54 (8.50,-53.50) height 2181
[38133.891] g42 onto 9,-54 (9.49,-53.50) height 2181
[38134.488] g42 onto 10,-54 (10.48,-53.50) height 2181
[38135.084] g42 onto 11,-54 (11.50,-53.50) height 2181
[38135.708] g42 onto 12,-54 (12.51,-53.50) height 2181
[38136.333] g42 onto 13,-54 (13.49,-53.50) height 2181
[38136.514] g42 lost from view on 13,-54 (13.83,-53.50) height 2181
[38139.598] g43 appears on 16,-57 (16.50,-56.00) height 2181
[38139.613] g43 starts moving from 16,-57 (16.50,-56.01) height 2181 after standing 0.01 s
[38139.626] g43 lost from view on 16,-57 (16.50,-56.04) height 2181
[38142.359] g44 appears on 16,-61 (16.50,-60.66) height 2181
[38142.375] g44 starts moving from 16,-61 (16.50,-60.68) height 2181 after standing 0.02 s
[38142.907] g44 onto 16,-62 (16.50,-61.50) height 2181
[38143.489] g44 onto 16,-63 (16.50,-62.47) height 2181
[38144.119] g44 onto 16,-64 (16.50,-63.50) height 2181
[38144.909] g44 onto 16,-65 (16.50,-64.50) height 2181
[38144.897] g44 stops on 16,-65 (16.50,-64.50) height 2181 after moving 2.52 s
[38146.223] g44 starts moving from 16,-65 (16.50,-64.50) height 2181 after standing 1.33 s
[38147.055] g44 onto 15,-64 (15.50,-63.50) height 2181
[38147.751] g44 onto 14,-63 (14.41,-62.58) height 2181
[38148.334] g44 onto 13,-63 (13.50,-62.50) height 2181
[38149.047] g44 onto 12,-63 (12.50,-62.50) height 2181
[38149.848] g44 onto 11,-63 (11.50,-62.50) height 2181
[38149.848] g44 stops on 11,-63 (11.50,-62.50) height 2181 after moving 3.63 s
[38151.644] g44 starts moving from 11,-63 (11.51,-62.50) height 2181 after standing 1.80 s
[38152.444] g44 onto 12,-63 (12.49,-62.50) height 2181
[38153.078] g44 onto 13,-63 (13.51,-62.50) height 2181
[38153.728] g44 onto 14,-63 (14.49,-62.50) height 2181
[38154.432] g44 onto 15,-63 (15.50,-62.50) height 2181
[38155.117] g44 onto 16,-63 (16.38,-62.37) height 2181
[38155.210] g44 lost from view on 16,-63 (16.44,-62.29) height 2181
[38156.523] g45 appears on 16,-61 (16.50,-60.44) height 2181
[38156.534] g45 starts moving from 16,-61 (16.50,-60.40) height 2181 after standing 0.01 s
[38157.106] g45 onto 16,-60 (16.50,-59.50) height 2181
[38157.741] g45 onto 16,-59 (16.50,-58.49) height 2181
[38158.389] g45 onto 16,-58 (16.50,-57.51) height 2181
[38159.037] g45 onto 16,-57 (16.50,-56.50) height 2181
[38159.656] g45 onto 16,-56 (16.50,-55.50) height 2181
[38160.264] g45 onto 16,-55 (16.50,-54.50) height 2181
[38160.842] g45 onto 16,-54 (16.37,-53.63) height 2181
[38161.213] g45 onto 15,-54 (15.78,-53.50) height 2181
[38162.077] g45 onto 14,-54 (14.50,-53.50) height 2181
[38162.673] g45 onto 13,-54 (13.50,-53.50) height 2181
[38163.246] g45 onto 12,-54 (12.51,-53.50) height 2181
[38163.862] g45 onto 11,-54 (11.47,-53.50) height 2181
[38164.262] g45 onto 10,-54 (10.79,-53.50) height 2181
[38165.069] g45 onto 9,-54 (9.49,-53.50) height 2181
[38165.663] g45 onto 8,-54 (8.50,-53.50) height 2181
[38166.287] g45 onto 7,-54 (7.50,-53.50) height 2181
[38166.898] g45 onto 6,-54 (6.50,-53.50) height 2181
[38167.466] g45 onto 5,-54 (5.51,-53.50) height 2181
[38168.114] g45 onto 4,-54 (4.50,-53.50) height 2181
[38168.683] g45 onto 3,-54 (3.63,-53.63) height 2181
[38169.248] g45 onto 3,-55 (3.50,-54.48) height 2181
[38169.875] g45 onto 3,-56 (3.50,-55.50) height 2181
[38170.466] g45 onto 3,-57 (3.50,-56.50) height 2181
[38171.051] g45 onto 3,-58 (3.50,-57.48) height 2181
[38171.663] g45 onto 3,-59 (3.50,-58.50) height 2181
[38172.228] g45 onto 3,-60 (3.42,-59.41) height 2181
[38172.861] g45 onto 2,-61 (2.50,-60.50) height 2181
[38173.441] g45 onto 1,-62 (1.50,-61.50) height 2181
[38174.115] g45 onto 0,-63 (0.43,-62.41) height 2181
[38174.689] g45 onto -1,-63 (-0.38,-62.63) height 2181
[38175.257] g45 onto -1,-64 (-0.50,-63.53) height 2181
[38175.865] g45 onto -1,-65 (-0.50,-64.50) height 2181
[38176.468] g45 onto -1,-66 (-0.50,-65.50) height 2181
[38177.082] g45 onto -1,-67 (-0.50,-66.50) height 2181
[38177.684] g45 onto -1,-68 (-0.50,-67.47) height 2181
[38178.279] g45 onto -1,-69 (-0.50,-68.47) height 2181
[38178.851] g45 onto -1,-70 (-0.50,-69.50) height 2181
[38179.463] g45 onto -1,-71 (-0.50,-70.50) height 2181
[38180.019] g45 onto -1,-72 (-0.50,-71.47) height 2181
[38180.519] g45 onto -1,-73 (-0.50,-72.32) height 2181
[38181.263] g45 onto -1,-74 (-0.62,-73.37) height 2181
[38181.898] g45 onto -2,-74 (-1.51,-73.50) height 2181
[38182.468] g45 onto -3,-74 (-2.50,-73.50) height 2181
[38183.065] g45 onto -4,-74 (-3.38,-73.63) height 2181
[38183.703] g45 onto -4,-75 (-3.50,-74.52) height 2181
[38184.312] g45 onto -4,-76 (-3.50,-75.47) height 2181
[38184.871] g45 onto -4,-77 (-3.50,-76.50) height 2181
[38185.488] g45 onto -4,-78 (-3.50,-77.51) height 2181
[38186.080] g45 onto -4,-79 (-3.50,-78.50) height 2181
[38186.657] g45 onto -4,-80 (-3.50,-79.51) height 2181
[38187.261] g45 onto -4,-81 (-3.63,-80.38) height 2181
[38187.818] g45 onto -5,-81 (-4.50,-80.50) height 2181
[38188.468] g45 onto -6,-81 (-5.50,-80.50) height 2181
[38189.065] g45 onto -7,-81 (-6.50,-80.50) height 2181
[38189.643] g45 onto -8,-81 (-7.49,-80.50) height 2181
[38190.270] g45 onto -9,-81 (-8.38,-80.37) height 2181
[38190.888] g45 onto -9,-80 (-8.50,-79.49) height 2181
[38191.467] g45 onto -9,-79 (-8.50,-78.50) height 2181
[38192.094] g45 onto -9,-78 (-8.50,-77.49) height 2181
[38192.689] g45 onto -9,-77 (-8.50,-76.49) height 2181
[38193.280] g45 onto -9,-76 (-8.50,-75.49) height 2181
[38193.872] g45 onto -9,-75 (-8.63,-74.63) height 2181
[38194.507] g45 onto -10,-75 (-9.49,-74.50) height 2181
[38195.085] g45 onto -11,-75 (-10.50,-74.50) height 2181
[38195.656] g45 onto -12,-75 (-11.51,-74.50) height 2181
[38196.271] g45 onto -13,-75 (-12.50,-74.50) height 2181
[38196.898] g45 onto -14,-75 (-13.51,-74.50) height 2181
[38197.471] g45 onto -15,-75 (-14.50,-74.50) height 2181
[38198.045] g45 onto -16,-75 (-15.50,-74.50) height 2181
[38198.641] g45 onto -17,-75 (-16.50,-74.50) height 2181
[38199.274] g45 onto -18,-75 (-17.50,-74.50) height 2181
[38199.881] g45 onto -19,-75 (-18.50,-74.50) height 2101
[38200.487] g45 onto -20,-75 (-19.51,-74.50) height 1842
[38201.062] g45 onto -21,-75 (-20.50,-74.50) height 1494
[38201.706] g45 onto -22,-75 (-21.51,-74.50) height 1267
[38202.287] g45 onto -23,-75 (-22.50,-74.50) height 1221
[38202.868] g45 onto -24,-75 (-23.50,-74.50) height 1221
[38203.466] g45 onto -25,-75 (-24.36,-74.62) height 1221
[38204.035] g45 onto -25,-76 (-24.50,-75.49) height 1221
[38204.662] g45 onto -25,-77 (-24.50,-76.50) height 1221
[38205.274] g45 onto -25,-78 (-24.50,-77.52) height 1221
[38205.847] g45 onto -25,-79 (-24.50,-78.48) height 1221
[38206.473] g45 onto -25,-80 (-24.50,-79.51) height 1221
[38207.106] g45 onto -25,-81 (-24.50,-80.51) height 1221
[38207.699] g45 onto -25,-82 (-24.50,-81.50) height 1221
[38208.258] g45 onto -25,-83 (-24.50,-82.49) height 1221
[38208.894] g45 onto -25,-84 (-24.50,-83.50) height 1221
[38209.491] g45 onto -25,-85 (-24.50,-84.51) height 1221
[38210.064] g45 onto -25,-86 (-24.50,-85.50) height 1221
[38210.680] g45 onto -25,-87 (-24.37,-86.38) height 1221
[38211.308] g45 onto -24,-87 (-23.50,-86.50) height 1221
[38211.902] g45 onto -23,-87 (-22.50,-86.50) height 1221
[38212.467] g45 onto -22,-87 (-21.50,-86.50) height 1269
[38213.050] g45 onto -21,-87 (-20.51,-86.50) height 1490
[38213.660] g45 onto -20,-87 (-19.50,-86.50) height 1842
[38214.257] g45 onto -19,-87 (-18.49,-86.50) height 2101
[38214.844] g45 onto -18,-87 (-17.50,-86.50) height 2181
[38215.475] g45 onto -17,-87 (-16.48,-86.50) height 2181
[38216.067] g45 onto -16,-87 (-15.51,-86.50) height 2181
[38216.698] g45 onto -15,-87 (-14.50,-86.50) height 2181
[38217.280] g45 onto -14,-87 (-13.50,-86.50) height 2181
[38217.900] g45 onto -13,-87 (-12.49,-86.50) height 2181
[38218.477] g45 onto -12,-87 (-11.50,-86.50) height 2181
[38219.052] g45 onto -11,-87 (-10.56,-86.60) height 2181
[38219.678] g45 onto -10,-88 (-9.50,-87.50) height 2181
[38220.301] g45 onto -9,-89 (-8.43,-88.41) height 2181
[38220.847] g45 onto -8,-89 (-7.50,-88.50) height 2181
[38221.479] g45 onto -7,-89 (-6.50,-88.50) height 2181
[38222.088] g45 onto -6,-89 (-5.50,-88.50) height 2181
[38222.697] g45 onto -5,-89 (-4.50,-88.50) height 2181
[38223.275] g45 onto -4,-89 (-3.50,-88.50) height 2181
[38223.895] g45 onto -3,-89 (-2.51,-88.50) height 2181
[38224.471] g45 onto -2,-89 (-1.49,-88.50) height 2181
[38225.078] g45 onto -1,-89 (-0.50,-88.50) height 2181
[38225.697] g45 onto 0,-89 (0.50,-88.50) height 2181
[38226.263] g45 onto 1,-89 (1.50,-88.50) height 2181
[38226.849] g45 onto 2,-89 (2.51,-88.50) height 2181
[38227.478] g45 onto 3,-89 (3.50,-88.50) height 2181
[38228.064] g45 onto 4,-89 (4.49,-88.50) height 2181
[38228.660] g45 onto 5,-89 (5.37,-88.38) height 2181
[38229.125] g45 onto 5,-88 (5.50,-87.62) height 2181
[38229.847] g45 onto 5,-87 (5.50,-86.50) height 2181
[38230.475] g45 onto 5,-86 (5.50,-85.50) height 2181
[38231.093] g45 onto 5,-85 (5.50,-84.50) height 2181
[38231.670] g45 onto 5,-84 (5.50,-83.50) height 2181
[38232.245] g45 onto 5,-83 (5.50,-82.50) height 2181
[38232.863] g45 onto 5,-82 (5.50,-81.50) height 2181
[38233.469] g45 onto 5,-81 (5.64,-80.61) height 2181
[38234.043] g45 onto 6,-81 (6.49,-80.50) height 2181
[38234.719] g45 onto 7,-81 (7.50,-80.50) height 2181
[38235.278] g45 onto 8,-81 (8.50,-80.50) height 2181
[38235.866] g45 onto 9,-81 (9.50,-80.50) height 2181
[38236.484] g45 onto 10,-81 (10.49,-80.50) height 2181
[38237.100] g45 onto 11,-81 (11.50,-80.50) height 2181
[38237.733] g45 onto 12,-81 (12.50,-80.50) height 2181
[38238.322] g45 onto 13,-81 (13.50,-80.50) height 2181
[38238.886] g45 onto 14,-81 (14.50,-80.50) height 2181
[38239.484] g45 onto 15,-81 (15.52,-80.50) height 2181
[38240.080] g45 onto 16,-81 (16.49,-80.50) height 2181
[38240.693] g45 onto 17,-81 (17.51,-80.50) height 2181
[38241.260] g45 onto 18,-81 (18.37,-80.62) height 2181
[38241.857] g45 onto 18,-82 (18.50,-81.51) height 2181
[38242.488] g45 onto 18,-83 (18.50,-82.51) height 2181
[38243.084] g45 onto 18,-84 (18.50,-83.51) height 2181
[38243.709] g45 onto 18,-85 (18.50,-84.51) height 2181
[38244.544] g45 onto 18,-86 (18.50,-85.50) height 2181
[38244.490] g45 stops on 18,-86 (18.50,-85.50) height 2181 after moving 87.96 s
[38245.222] g45 starts moving from 18,-86 (18.50,-85.50) height 2181 after standing 0.73 s
[38246.035] g45 onto 18,-85 (18.50,-84.49) height 2181
[38246.666] g45 onto 18,-84 (18.50,-83.51) height 2181
[38247.344] g45 onto 18,-83 (18.50,-82.50) height 2181
[38248.020] g45 onto 18,-82 (18.50,-81.50) height 2181
[38248.734] g45 onto 18,-81 (18.50,-80.49) height 2181
[38249.440] g45 onto 18,-80 (18.50,-79.51) height 2181
[38250.072] g45 onto 18,-79 (18.50,-78.49) height 2181
[38250.698] g45 onto 18,-78 (18.50,-77.51) height 2181
[38251.351] g45 onto 18,-77 (18.50,-76.49) height 2181
[38251.990] g45 onto 18,-76 (18.50,-75.50) height 2181
[38252.611] g45 onto 18,-75 (18.50,-74.51) height 2181
[38253.292] g45 onto 18,-74 (18.50,-73.50) height 2181
[38254.125] g45 onto 18,-73 (18.50,-72.50) height 2181
[38254.032] g45 stops on 18,-73 (18.50,-72.50) height 2181 after moving 8.81 s
[38254.827] g45 starts moving from 18,-73 (18.50,-72.50) height 2181 after standing 0.79 s
[38255.655] g45 onto 18,-74 (18.50,-73.47) height 2181
[38256.292] g45 onto 18,-75 (18.50,-74.49) height 2181
[38256.923] g45 onto 18,-76 (18.50,-75.50) height 2181
[38257.637] g45 onto 18,-77 (18.50,-76.52) height 2181
[38258.326] g45 onto 18,-78 (18.50,-77.50) height 2181
[38259.040] g45 onto 18,-79 (18.50,-78.50) height 2181
[38259.667] g45 onto 18,-80 (18.50,-79.50) height 2181
[38260.296] g45 onto 18,-81 (18.38,-80.37) height 2181
[38260.959] g45 onto 17,-81 (17.50,-80.50) height 2181
[38261.601] g45 onto 16,-81 (16.50,-80.50) height 2181
[38262.220] g45 onto 15,-81 (15.50,-80.50) height 2181
[38262.881] g45 onto 14,-81 (14.52,-80.50) height 2181
[38263.468] g45 onto 13,-81 (13.51,-80.50) height 2181
[38264.051] g45 onto 12,-81 (12.49,-80.50) height 2181
[38264.662] g45 onto 11,-81 (11.50,-80.50) height 2181
[38265.260] g45 onto 10,-81 (10.50,-80.50) height 2181
[38265.897] g45 onto 9,-81 (9.52,-80.50) height 2181
[38266.485] g45 onto 8,-81 (8.50,-80.50) height 2181
[38267.071] g45 onto 7,-81 (7.64,-80.62) height 2181
[38267.633] g45 onto 7,-82 (7.50,-81.50) height 2181
[38268.246] g45 onto 7,-83 (7.50,-82.50) height 2181
[38268.865] g45 onto 7,-84 (7.50,-83.50) height 2181
[38269.465] g45 onto 7,-85 (7.50,-84.50) height 2181
[38270.078] g45 onto 7,-86 (7.50,-85.50) height 2181
[38270.693] g45 onto 7,-87 (7.37,-86.38) height 2181
[38271.240] g45 onto 6,-87 (6.50,-86.50) height 2181
[38271.868] g45 onto 5,-87 (5.50,-86.50) height 2181
[38272.464] g45 onto 4,-87 (4.50,-86.50) height 2181
[38273.073] g45 onto 3,-87 (3.50,-86.50) height 2181
[38273.704] g45 onto 2,-87 (2.46,-86.50) height 2181
[38274.258] g45 onto 1,-87 (1.50,-86.50) height 2181
[38274.891] g45 onto 0,-87 (0.49,-86.50) height 2181
[38275.505] g45 onto -1,-87 (-0.38,-86.63) height 2181
[38276.068] g45 onto -1,-88 (-0.50,-87.48) height 2181
[38276.664] g45 onto -1,-89 (-0.50,-88.51) height 2181
[38277.249] g45 onto -1,-90 (-0.50,-89.50) height 2181
[38277.868] g45 onto -1,-91 (-0.50,-90.51) height 2181
[38278.467] g45 onto -1,-92 (-0.50,-91.48) height 2181
[38279.101] g45 onto -1,-93 (-0.50,-92.49) height 2181
[38279.703] g45 onto -1,-94 (-0.50,-93.51) height 2181
[38280.312] g45 onto -1,-95 (-0.50,-94.49) height 2181
[38281.142] g45 onto -1,-96 (-0.50,-95.50) height 2181
[38282.029] g45 onto 0,-96 (0.50,-95.50) height 2181
[38282.676] g45 onto 1,-96 (1.49,-95.50) height 2181
[38283.421] g45 onto 2,-96 (2.50,-95.50) height 2181
[38283.400] g45 stops on 2,-96 (2.50,-95.50) height 2181 after moving 28.57 s
[38284.828] g45 starts moving from 2,-96 (2.50,-95.50) height 2181 after standing 1.43 s
[38285.637] g45 onto 1,-97 (1.50,-96.50) height 2181
[38286.292] g45 onto 0,-98 (0.50,-97.50) height 2181
[38286.978] g45 onto -1,-99 (-0.42,-98.59) height 2181
[38287.740] g45 onto -1,-100 (-0.50,-99.50) height 2181
[38287.675] g45 stops on -1,-100 (-0.50,-99.50) height 2181 after moving 2.85 s
[38289.650] g45 starts moving from -1,-100 (-0.50,-99.50) height 2181 after standing 1.98 s
[38290.450] g45 onto -1,-99 (-0.50,-98.50) height 2181
[38291.076] g45 onto -1,-98 (-0.50,-97.50) height 2181
[38291.731] g45 onto -1,-97 (-0.50,-96.53) height 2181
[38292.433] g45 onto -1,-96 (-0.50,-95.50) height 2181
[38293.116] g45 onto -1,-95 (-0.50,-94.50) height 2181
[38293.829] g45 onto -1,-94 (-0.50,-93.52) height 2181
[38294.463] g45 onto -1,-93 (-0.50,-92.50) height 2181
[38295.112] g45 onto -1,-92 (-0.50,-91.50) height 2181
[38295.731] g45 onto -1,-91 (-0.50,-90.50) height 2181
[38296.391] g45 onto -1,-90 (-0.50,-89.50) height 2181
[38297.024] g45 onto -1,-89 (-0.50,-88.50) height 2181
[38297.651] g45 onto -1,-88 (-0.38,-87.63) height 2181
[38298.283] g45 onto 0,-88 (0.50,-87.50) height 2181
[38298.865] g45 onto 1,-88 (1.50,-87.50) height 2181
[38299.479] g45 onto 2,-88 (2.50,-87.50) height 2181
[38300.087] g45 onto 3,-88 (3.50,-87.50) height 2181
[38300.659] g45 onto 4,-88 (4.50,-87.50) height 2181
[38301.302] g45 onto 5,-88 (5.51,-87.50) height 2181
[38301.904] g45 onto 6,-88 (6.38,-87.37) height 2181
[38302.459] g45 onto 6,-87 (6.50,-86.50) height 2181
[38303.068] g45 onto 6,-86 (6.50,-85.50) height 2181
[38303.694] g45 onto 6,-85 (6.50,-84.50) height 2181
[38304.295] g45 onto 6,-84 (6.50,-83.50) height 2181
[38304.870] g45 onto 6,-83 (6.50,-82.49) height 2181
[38305.452] g45 onto 6,-82 (6.50,-81.49) height 2181
[38306.089] g45 onto 6,-81 (6.50,-80.50) height 2181
[38306.664] g45 onto 6,-80 (6.50,-79.50) height 2181
[38307.287] g45 onto 6,-79 (6.50,-78.50) height 2181
[38307.886] g45 onto 6,-78 (6.50,-77.47) height 2181
[38308.455] g45 onto 6,-77 (6.38,-76.63) height 2181
[38309.055] g45 onto 5,-77 (5.51,-76.50) height 2181
[38309.680] g45 onto 4,-77 (4.50,-76.50) height 2181
[38310.295] g45 onto 3,-77 (3.50,-76.50) height 2181
[38310.867] g45 onto 2,-77 (2.50,-76.50) height 2181
[38311.490] g45 onto 1,-77 (1.49,-76.50) height 2181
[38312.088] g45 onto 0,-77 (0.52,-76.50) height 2181
[38312.669] g45 onto -1,-77 (-0.37,-76.37) height 2181
[38313.246] g45 onto -1,-76 (-0.50,-75.50) height 2181
[38313.909] g45 onto -1,-75 (-0.50,-74.52) height 2181
[38314.484] g45 onto -1,-74 (-0.50,-73.51) height 2181
[38315.066] g45 onto -1,-73 (-0.50,-72.50) height 2181
[38315.677] g45 onto -1,-72 (-0.50,-71.50) height 2181
[38316.302] g45 onto -1,-71 (-0.50,-70.49) height 2181
[38316.873] g45 onto -1,-70 (-0.50,-69.50) height 2181
[38317.496] g45 onto -1,-69 (-0.50,-68.49) height 2181
[38318.089] g45 onto -1,-68 (-0.50,-67.49) height 2181
[38318.659] g45 onto -1,-67 (-0.50,-66.51) height 2181
[38319.280] g45 onto -1,-66 (-0.50,-65.50) height 2181
[38319.890] g45 onto -1,-65 (-0.50,-64.51) height 2181
[38320.471] g45 onto -1,-64 (-0.50,-63.50) height 2181
[38321.026] g45 onto -1,-63 (-0.41,-62.58) height 2181
[38321.701] g45 onto 0,-62 (0.51,-61.49) height 2181
[38322.281] g45 onto 1,-61 (1.51,-60.49) height 2181
[38322.908] g45 onto 2,-60 (2.58,-59.59) height 2181
[38323.453] g45 onto 3,-60 (3.38,-59.37) height 2181
[38324.088] g45 onto 3,-59 (3.50,-58.50) height 2181
[38324.668] g45 onto 3,-58 (3.50,-57.50) height 2181
[38325.263] g45 onto 3,-57 (3.50,-56.50) height 2181
[38325.885] g45 onto 3,-56 (3.50,-55.50) height 2181
[38326.448] g45 onto 3,-55 (3.50,-54.53) height 2181
[38327.071] g45 onto 3,-54 (3.63,-53.63) height 2181
[38327.639] g45 onto 4,-54 (4.50,-53.50) height 2181
[38328.295] g45 onto 5,-54 (5.50,-53.50) height 2181
[38328.906] g45 onto 6,-54 (6.50,-53.50) height 2181
[38329.477] g45 onto 7,-54 (7.51,-53.50) height 2181
[38330.094] g45 onto 8,-54 (8.50,-53.50) height 2181
[38330.700] g45 onto 9,-54 (9.50,-53.50) height 2181
[38331.223] g45 onto 10,-54 (10.47,-53.50) height 2181
[38331.897] g45 onto 11,-54 (11.50,-53.50) height 2181
[38332.503] g45 onto 12,-54 (12.50,-53.50) height 2181
[38333.072] g45 onto 13,-54 (13.49,-53.50) height 2181
[38333.648] g45 onto 14,-54 (14.51,-53.50) height 2181
[38334.252] g45 onto 15,-54 (15.49,-53.50) height 2181
[38334.889] g45 onto 16,-54 (16.38,-53.63) height 2181
[38335.521] g45 onto 16,-55 (16.50,-54.50) height 2181
[38336.097] g45 onto 16,-56 (16.50,-55.51) height 2181
[38336.659] g45 onto 16,-57 (16.50,-56.49) height 2181
[38337.287] g45 onto 16,-58 (16.50,-57.50) height 2181
[38337.909] g45 onto 16,-59 (16.50,-58.48) height 2181
[38338.480] g45 onto 16,-60 (16.50,-59.51) height 2181
[38339.049] g45 onto 16,-61 (16.50,-60.48) height 2181
[38339.675] g45 onto 16,-62 (16.50,-61.48) height 2181
[38340.269] g45 onto 16,-63 (16.50,-62.49) height 2181
[38340.894] g45 onto 16,-64 (16.50,-63.51) height 2181
[38341.735] g45 onto 16,-65 (16.50,-64.50) height 2181
[38341.670] g45 stops on 16,-65 (16.50,-64.50) height 2181 after moving 52.02 s
[38343.090] g45 starts moving from 16,-65 (16.50,-64.50) height 2181 after standing 1.42 s
[38343.873] g45 onto 15,-64 (15.50,-63.50) height 2181
[38344.574] g45 onto 14,-63 (14.41,-62.58) height 2181
[38345.152] g45 onto 13,-63 (13.49,-62.50) height 2181
[38345.844] g45 onto 12,-63 (12.50,-62.50) height 2181
[38346.672] g45 onto 11,-63 (11.50,-62.50) height 2181
[38346.672] g45 stops on 11,-63 (11.50,-62.50) height 2181 after moving 3.58 s
[38348.438] g45 starts moving from 11,-63 (11.51,-62.50) height 2181 after standing 1.77 s
[38349.242] g45 onto 12,-63 (12.52,-62.50) height 2181
[38349.876] g45 onto 13,-63 (13.49,-62.50) height 2181
[38350.527] g45 onto 14,-63 (14.50,-62.50) height 2181
[38351.226] g45 onto 15,-63 (15.50,-62.50) height 2181
[38351.923] g45 onto 16,-63 (16.38,-62.37) height 2181
[38352.594] g45 onto 16,-62 (16.50,-61.50) height 2181
[38353.266] g45 onto 16,-61 (16.50,-60.50) height 2181
[38353.914] g45 onto 16,-60 (16.50,-59.50) height 2181
[38354.551] g45 onto 16,-59 (16.50,-58.50) height 2181
[38355.198] g45 onto 16,-58 (16.50,-57.50) height 2181
[38355.838] g45 onto 16,-57 (16.50,-56.50) height 2181
[38356.471] g45 onto 16,-56 (16.50,-55.50) height 2181
[38357.104] g45 onto 16,-55 (16.50,-54.50) height 2181
[38357.712] g45 onto 16,-54 (16.37,-53.62) height 2181
[38358.263] g45 onto 15,-54 (15.49,-53.50) height 2181
[38358.889] g45 onto 14,-54 (14.50,-53.50) height 2181
[38359.486] g45 onto 13,-54 (13.50,-53.50) height 2181
[38360.092] g45 onto 12,-54 (12.50,-53.50) height 2181
[38360.698] g45 onto 11,-54 (11.50,-53.50) height 2181
[38361.303] g45 onto 10,-54 (10.50,-53.50) height 2181
[38361.924] g45 onto 9,-54 (9.50,-53.50) height 2181
[38362.506] g45 onto 8,-54 (8.51,-53.50) height 2181
[38363.087] g45 onto 7,-54 (7.50,-53.50) height 2181
[38363.693] g45 onto 6,-54 (6.50,-53.50) height 2181
[38364.277] g45 onto 5,-54 (5.50,-53.50) height 2181
[38364.887] g45 onto 4,-54 (4.51,-53.50) height 2181
[38365.473] g45 onto 3,-54 (3.63,-53.62) height 2181
[38366.061] g45 onto 3,-55 (3.50,-54.50) height 2181
[38366.684] g45 onto 3,-56 (3.50,-55.50) height 2181
[38367.281] g45 onto 3,-57 (3.50,-56.50) height 2181
[38367.861] g45 onto 3,-58 (3.50,-57.50) height 2181
[38368.510] g45 onto 3,-59 (3.50,-58.50) height 2181
[38369.054] g45 onto 3,-60 (3.40,-59.43) height 2181
[38369.667] g45 onto 2,-61 (2.50,-60.50) height 2181
[38370.319] g45 onto 1,-62 (1.50,-61.50) height 2181
[38370.946] g45 onto 0,-63 (0.42,-62.41) height 2181
[38371.453] g45 onto -1,-63 (-0.37,-62.63) height 2181
[38372.047] g45 onto -1,-64 (-0.50,-63.50) height 2181
[38372.671] g45 onto -1,-65 (-0.50,-64.50) height 2181
[38373.266] g45 onto -1,-66 (-0.50,-65.50) height 2181
[38373.897] g45 onto -1,-67 (-0.50,-66.50) height 2181
[38374.484] g45 onto -1,-68 (-0.50,-67.47) height 2181
[38375.056] g45 onto -1,-69 (-0.50,-68.50) height 2181
[38375.683] g45 onto -1,-70 (-0.50,-69.50) height 2181
[38376.290] g45 onto -1,-71 (-0.50,-70.51) height 2181
[38376.907] g45 onto -1,-72 (-0.50,-71.50) height 2181
[38377.520] g45 onto -1,-73 (-0.50,-72.51) height 2181
[38378.097] g45 onto -1,-74 (-0.65,-73.40) height 2181
[38378.679] g45 onto -2,-74 (-1.50,-73.50) height 2181
[38379.271] g45 onto -3,-74 (-2.50,-73.50) height 2181
[38379.878] g45 onto -4,-74 (-3.38,-73.63) height 2181
[38380.499] g45 onto -4,-75 (-3.50,-74.50) height 2181
[38381.089] g45 onto -4,-76 (-3.50,-75.49) height 2181
[38381.658] g45 onto -4,-77 (-3.50,-76.50) height 2181
[38382.280] g45 onto -4,-78 (-3.50,-77.50) height 2181
[38382.866] g45 onto -4,-79 (-3.50,-78.50) height 2181
[38383.279] g45 onto -4,-80 (-3.50,-79.21) height 2181
[38384.108] g45 onto -4,-81 (-3.63,-80.38) height 2181
[38384.560] g45 onto -5,-81 (-4.30,-80.50) height 2181
[38385.290] g45 onto -6,-81 (-5.51,-80.50) height 2181
[38385.858] g45 onto -7,-81 (-6.50,-80.50) height 2181
[38386.482] g45 onto -8,-81 (-7.50,-80.50) height 2181
[38387.119] g45 onto -9,-81 (-8.38,-80.37) height 2181
[38387.670] g45 onto -9,-80 (-8.50,-79.50) height 2181
[38388.272] g45 onto -9,-79 (-8.50,-78.49) height 2181
[38388.875] g45 onto -9,-78 (-8.50,-77.51) height 2181
[38389.483] g45 onto -9,-77 (-8.50,-76.50) height 2181
[38390.073] g45 onto -9,-76 (-8.50,-75.49) height 2181
[38390.682] g45 onto -9,-75 (-8.63,-74.62) height 2181
[38391.315] g45 onto -10,-75 (-9.50,-74.50) height 2181
[38391.900] g45 onto -11,-75 (-10.51,-74.50) height 2181
[38392.468] g45 onto -12,-75 (-11.50,-74.50) height 2181
[38393.082] g45 onto -13,-75 (-12.50,-74.50) height 2181
[38393.693] g45 onto -14,-75 (-13.50,-74.50) height 2181
[38394.268] g45 onto -15,-75 (-14.50,-74.50) height 2181
[38394.908] g45 onto -16,-75 (-15.50,-74.50) height 2181
[38395.492] g45 onto -17,-75 (-16.50,-74.50) height 2181
[38396.081] g45 onto -18,-75 (-17.50,-74.50) height 2181
[38396.692] g45 onto -19,-75 (-18.50,-74.50) height 2101
[38397.294] g45 onto -20,-75 (-19.51,-74.50) height 1840
[38397.914] g45 onto -21,-75 (-20.51,-74.50) height 1488
[38398.507] g45 onto -22,-75 (-21.50,-74.50) height 1268
[38399.085] g45 onto -23,-75 (-22.50,-74.50) height 1221
[38399.698] g45 onto -24,-75 (-23.50,-74.50) height 1221
[38400.305] g45 onto -25,-75 (-24.38,-74.63) height 1221
[38400.888] g45 onto -25,-76 (-24.50,-75.50) height 1221
[38401.482] g45 onto -25,-77 (-24.50,-76.50) height 1221
[38402.088] g45 onto -25,-78 (-24.50,-77.50) height 1221
[38402.696] g45 onto -25,-79 (-24.50,-78.49) height 1221
[38403.284] g45 onto -25,-80 (-24.50,-79.50) height 1221
[38403.884] g45 onto -25,-81 (-24.50,-80.49) height 1221
[38404.521] g45 onto -25,-82 (-24.50,-81.50) height 1221
[38405.093] g45 onto -25,-83 (-24.50,-82.50) height 1221
[38405.715] g45 onto -25,-84 (-24.50,-83.50) height 1221
[38406.278] g45 onto -25,-85 (-24.50,-84.49) height 1221
[38406.879] g45 onto -25,-86 (-24.50,-85.50) height 1221
[38407.476] g45 onto -25,-87 (-24.38,-86.37) height 1221
[38408.065] g45 onto -24,-87 (-23.50,-86.50) height 1221
[38408.716] g45 onto -23,-87 (-22.50,-86.50) height 1221
[38409.302] g45 onto -22,-87 (-21.51,-86.50) height 1268
[38409.899] g45 onto -21,-87 (-20.49,-86.50) height 1495
[38410.492] g45 onto -20,-87 (-19.53,-86.50) height 1834
[38411.095] g45 onto -19,-87 (-18.50,-86.50) height 2100
[38411.681] g45 onto -18,-87 (-17.50,-86.50) height 2181
[38412.275] g45 onto -17,-87 (-16.46,-86.50) height 2181
[38412.895] g45 onto -16,-87 (-15.50,-86.50) height 2181
[38413.531] g45 onto -15,-87 (-14.50,-86.50) height 2181
[38414.065] g45 onto -14,-87 (-13.50,-86.50) height 2181
[38414.679] g45 onto -13,-87 (-12.50,-86.50) height 2181
[38415.295] g45 onto -12,-87 (-11.53,-86.50) height 2181
[38415.841] g45 onto -11,-87 (-10.59,-86.58) height 2181
[38416.550] g45 onto -10,-88 (-9.50,-87.50) height 2181
[38417.157] g45 onto -9,-89 (-8.41,-88.41) height 2181
[38417.657] g45 onto -8,-89 (-7.50,-88.50) height 2181
[38418.309] g45 onto -7,-89 (-6.50,-88.50) height 2181
[38418.893] g45 onto -6,-89 (-5.50,-88.50) height 2181
[38419.477] g45 onto -5,-89 (-4.50,-88.50) height 2181
[38420.095] g45 onto -4,-89 (-3.50,-88.50) height 2181
[38420.692] g45 onto -3,-89 (-2.49,-88.50) height 2181
[38421.268] g45 onto -2,-89 (-1.50,-88.50) height 2181
[38421.898] g45 onto -1,-89 (-0.50,-88.50) height 2181
[38422.506] g45 onto 0,-89 (0.50,-88.50) height 2181
[38423.116] g45 onto 1,-89 (1.53,-88.50) height 2181
[38423.695] g45 onto 2,-89 (2.51,-88.50) height 2181
[38424.265] g45 onto 3,-89 (3.50,-88.50) height 2181
[38424.892] g45 onto 4,-89 (4.50,-88.50) height 2181
[38425.495] g45 onto 5,-89 (5.37,-88.37) height 2181
[38426.063] g45 onto 5,-88 (5.50,-87.50) height 2181
[38426.719] g45 onto 5,-87 (5.50,-86.50) height 2181
[38427.333] g45 onto 5,-86 (5.50,-85.50) height 2181
[38427.887] g45 onto 5,-85 (5.50,-84.50) height 2181
[38428.470] g45 onto 5,-84 (5.50,-83.51) height 2181
[38429.080] g45 onto 5,-83 (5.50,-82.50) height 2181
[38429.696] g45 onto 5,-82 (5.50,-81.49) height 2181
[38430.294] g45 onto 5,-81 (5.62,-80.63) height 2181
[38430.941] g45 onto 6,-81 (6.50,-80.50) height 2181
[38431.503] g45 onto 7,-81 (7.50,-80.50) height 2181
[38432.090] g45 onto 8,-81 (8.50,-80.50) height 2181
[38432.674] g45 onto 9,-81 (9.49,-80.50) height 2181
[38433.289] g45 onto 10,-81 (10.50,-80.50) height 2181
[38433.891] g45 onto 11,-81 (11.49,-80.50) height 2181
[38434.457] g45 onto 12,-81 (12.50,-80.50) height 2181
[38435.084] g45 onto 13,-81 (13.50,-80.50) height 2181
[38435.703] g45 onto 14,-81 (14.54,-80.50) height 2181
[38436.311] g45 onto 15,-81 (15.50,-80.50) height 2181
[38436.909] g45 onto 16,-81 (16.50,-80.50) height 2181
[38437.487] g45 onto 17,-81 (17.50,-80.50) height 2181
[38438.101] g45 onto 18,-81 (18.38,-80.63) height 2181
[38438.738] g45 onto 18,-82 (18.50,-81.50) height 2181
[38439.308] g45 onto 18,-83 (18.50,-82.50) height 2181
[38439.889] g45 onto 18,-84 (18.50,-83.51) height 2181
[38440.494] g45 onto 18,-85 (18.50,-84.50) height 2181
[38441.391] g45 onto 18,-86 (18.50,-85.50) height 2181
[38441.302] g45 stops on 18,-86 (18.50,-85.50) height 2181 after moving 92.86 s
[38442.049] g45 starts moving from 18,-86 (18.50,-85.49) height 2181 after standing 0.75 s
[38442.859] g45 onto 18,-85 (18.50,-84.50) height 2181
[38443.503] g45 onto 18,-84 (18.50,-83.48) height 2181
[38444.130] g45 onto 18,-83 (18.50,-82.50) height 2181
[38444.853] g45 onto 18,-82 (18.50,-81.52) height 2181
[38445.538] g45 onto 18,-81 (18.50,-80.50) height 2181
[38446.257] g45 onto 18,-80 (18.50,-79.50) height 2181
[38446.890] g45 onto 18,-79 (18.50,-78.50) height 2181
[38447.526] g45 onto 18,-78 (18.50,-77.51) height 2181
[38448.167] g45 onto 18,-77 (18.50,-76.50) height 2181
[38448.790] g45 onto 18,-76 (18.50,-75.50) height 2181
[38449.444] g45 onto 18,-75 (18.50,-74.50) height 2181
[38450.092] g45 onto 18,-74 (18.50,-73.52) height 2181
[38450.961] g45 onto 18,-73 (18.50,-72.50) height 2181
[38450.880] g45 stops on 18,-73 (18.50,-72.50) height 2181 after moving 8.83 s
[38451.643] g45 starts moving from 18,-73 (18.50,-72.51) height 2181 after standing 0.76 s
[38452.452] g45 onto 18,-74 (18.50,-73.51) height 2181
[38453.079] g45 onto 18,-75 (18.50,-74.50) height 2181
[38453.733] g45 onto 18,-76 (18.50,-75.50) height 2181
[38454.443] g45 onto 18,-77 (18.50,-76.48) height 2181
[38455.124] g45 onto 18,-78 (18.50,-77.50) height 2181
[38455.833] g45 onto 18,-79 (18.50,-78.50) height 2181
[38456.476] g45 onto 18,-80 (18.50,-79.50) height 2181
[38457.094] g45 onto 18,-81 (18.38,-80.37) height 2181
[38457.752] g45 onto 17,-81 (17.53,-80.50) height 2181
[38458.388] g45 onto 16,-81 (16.50,-80.50) height 2181
[38459.020] g45 onto 15,-81 (15.50,-80.50) height 2181
[38459.659] g45 onto 14,-81 (14.50,-80.50) height 2181
[38460.278] g45 onto 13,-81 (13.50,-80.50) height 2181
[38460.878] g45 onto 12,-81 (12.50,-80.50) height 2181
[38461.523] g45 onto 11,-81 (11.50,-80.50) height 2181
[38462.104] g45 onto 10,-81 (10.50,-80.50) height 2181
[38462.713] g45 onto 9,-81 (9.52,-80.50) height 2181
[38463.284] g45 onto 8,-81 (8.50,-80.50) height 2181
[38463.901] g45 onto 7,-81 (7.62,-80.63) height 2181
[38464.538] g45 onto 7,-82 (7.50,-81.50) height 2181
[38465.110] g45 onto 7,-83 (7.50,-82.50) height 2181
[38465.686] g45 onto 7,-84 (7.50,-83.50) height 2181
[38466.308] g45 onto 7,-85 (7.50,-84.50) height 2181
[38466.912] g45 onto 7,-86 (7.50,-85.50) height 2181
[38467.507] g45 onto 7,-87 (7.37,-86.37) height 2181
[38467.921] g45 onto 6,-87 (6.68,-86.50) height 2181
[38468.714] g45 onto 5,-87 (5.50,-86.50) height 2181
[38469.304] g45 onto 4,-87 (4.51,-86.50) height 2181
[38469.884] g45 onto 3,-87 (3.51,-86.50) height 2181
[38470.505] g45 onto 2,-87 (2.50,-86.50) height 2181
[38471.111] g45 onto 1,-87 (1.51,-86.50) height 2181
[38471.687] g45 onto 0,-87 (0.50,-86.50) height 2181
[38472.307] g45 onto -1,-87 (-0.38,-86.63) height 2181
[38472.925] g45 onto -1,-88 (-0.50,-87.50) height 2181
[38473.505] g45 onto -1,-89 (-0.50,-88.50) height 2181
[38474.077] g45 onto -1,-90 (-0.50,-89.49) height 2181
[38474.702] g45 onto -1,-91 (-0.50,-90.51) height 2181
[38475.290] g45 onto -1,-92 (-0.50,-91.51) height 2181
[38475.887] g45 onto -1,-93 (-0.50,-92.47) height 2181
[38476.507] g45 onto -1,-94 (-0.50,-93.51) height 2181
[38477.156] g45 onto -1,-95 (-0.50,-94.50) height 2181
[38478.010] g45 onto -1,-96 (-0.50,-95.50) height 2181
[38478.870] g45 onto 0,-96 (0.49,-95.50) height 2181
[38479.479] g45 onto 1,-96 (1.51,-95.50) height 2181
[38480.262] g45 onto 2,-96 (2.50,-95.50) height 2181
[38480.238] g45 stops on 2,-96 (2.50,-95.50) height 2181 after moving 28.59 s
[38481.670] g45 starts moving from 2,-96 (2.50,-95.50) height 2181 after standing 1.43 s
[38482.476] g45 onto 1,-97 (1.47,-96.53) height 2181
[38483.091] g45 onto 0,-98 (0.51,-97.49) height 2181
[38483.819] g45 onto -1,-99 (-0.41,-98.57) height 2181
[38484.519] g45 onto -1,-100 (-0.50,-99.50) height 2181
[38484.488] g45 stops on -1,-100 (-0.50,-99.50) height 2181 after moving 2.82 s
[38486.425] g45 starts moving from -1,-100 (-0.50,-99.49) height 2181 after standing 1.94 s
[38487.258] g45 onto -1,-99 (-0.50,-98.49) height 2181
[38487.886] g45 onto -1,-98 (-0.50,-97.51) height 2181
[38488.534] g45 onto -1,-97 (-0.50,-96.51) height 2181
[38489.224] g45 onto -1,-96 (-0.50,-95.50) height 2181
[38489.929] g45 onto -1,-95 (-0.50,-94.50) height 2181
[38490.618] g45 onto -1,-94 (-0.50,-93.50) height 2181
[38491.266] g45 onto -1,-93 (-0.50,-92.50) height 2181
[38491.909] g45 onto -1,-92 (-0.50,-91.51) height 2181
[38492.556] g45 onto -1,-91 (-0.50,-90.49) height 2181
[38493.182] g45 onto -1,-90 (-0.50,-89.51) height 2181
[38493.829] g45 onto -1,-89 (-0.50,-88.50) height 2181
[38494.447] g45 onto -1,-88 (-0.37,-87.62) height 2181
[38495.113] g45 onto 0,-88 (0.49,-87.50) height 2181
[38495.714] g45 onto 1,-88 (1.49,-87.50) height 2181
[38496.301] g45 onto 2,-88 (2.50,-87.50) height 2181
[38496.915] g45 onto 3,-88 (3.50,-87.50) height 2181
[38497.506] g45 onto 4,-88 (4.50,-87.50) height 2181
[38498.084] g45 onto 5,-88 (5.50,-87.50) height 2181
[38498.697] g45 onto 6,-88 (6.37,-87.38) height 2181
[38499.322] g45 onto 6,-87 (6.50,-86.50) height 2181
[38499.914] g45 onto 6,-86 (6.50,-85.51) height 2181
[38500.485] g45 onto 6,-85 (6.50,-84.50) height 2181
[38501.103] g45 onto 6,-84 (6.50,-83.50) height 2181
[38501.709] g45 onto 6,-83 (6.50,-82.50) height 2181
[38502.292] g45 onto 6,-82 (6.50,-81.51) height 2181
[38502.913] g45 onto 6,-81 (6.50,-80.51) height 2181
[38503.508] g45 onto 6,-80 (6.50,-79.52) height 2181
[38504.088] g45 onto 6,-79 (6.50,-78.51) height 2181
[38504.711] g45 onto 6,-78 (6.50,-77.49) height 2181
[38505.311] g45 onto 6,-77 (6.37,-76.63) height 2181
[38505.890] g45 onto 5,-77 (5.50,-76.50) height 2181
[38506.502] g45 onto 4,-77 (4.49,-76.50) height 2181
[38507.110] g45 onto 3,-77 (3.53,-76.50) height 2181
[38507.722] g45 onto 2,-77 (2.50,-76.50) height 2181
[38508.288] g45 onto 1,-77 (1.50,-76.50) height 2181
[38508.896] g45 onto 0,-77 (0.51,-76.50) height 2181
[38509.505] g45 onto -1,-77 (-0.38,-76.37) height 2181
[38510.083] g45 onto -1,-76 (-0.50,-75.51) height 2181
[38510.704] g45 onto -1,-75 (-0.50,-74.50) height 2181
[38511.161] g45 onto -1,-74 (-0.50,-73.67) height 2181
[38511.913] g45 onto -1,-73 (-0.50,-72.49) height 2181
[38512.480] g45 onto -1,-72 (-0.50,-71.51) height 2181
[38513.102] g45 onto -1,-71 (-0.50,-70.50) height 2181
[38513.708] g45 onto -1,-70 (-0.50,-69.49) height 2181
[38514.289] g45 onto -1,-69 (-0.50,-68.48) height 2181
[38514.902] g45 onto -1,-68 (-0.50,-67.51) height 2181
[38515.523] g45 onto -1,-67 (-0.50,-66.49) height 2181
[38515.964] g45 onto -1,-66 (-0.50,-65.68) height 2181
[38516.722] g45 onto -1,-65 (-0.50,-64.49) height 2181
[38517.313] g45 onto -1,-64 (-0.50,-63.50) height 2181
[38517.851] g45 onto -1,-63 (-0.41,-62.58) height 2181
[38518.467] g45 onto 0,-62 (0.50,-61.50) height 2181
[38519.109] g45 onto 1,-61 (1.50,-60.51) height 2181
[38519.709] g45 onto 2,-60 (2.55,-59.60) height 2181
[38520.239] g45 onto 3,-60 (3.36,-59.39) height 2181
[38520.905] g45 onto 3,-59 (3.50,-58.50) height 2181
[38521.439] g45 onto 3,-58 (3.50,-57.53) height 2181
[38522.118] g45 onto 3,-57 (3.50,-56.47) height 2181
[38522.642] g45 onto 3,-56 (3.50,-55.53) height 2181
[38523.306] g45 onto 3,-55 (3.50,-54.47) height 2181
[38523.839] g45 onto 3,-54 (3.61,-53.64) height 2181
[38524.441] g45 onto 4,-54 (4.50,-53.50) height 2181
[38525.108] g45 onto 5,-54 (5.53,-53.50) height 2181
[38525.639] g45 onto 6,-54 (6.47,-53.50) height 2181
[38526.307] g45 onto 7,-54 (7.53,-53.50) height 2181
[38526.838] g45 onto 8,-54 (8.47,-53.50) height 2181
[38527.519] g45 onto 9,-54 (9.53,-53.50) height 2181
[38528.046] g45 onto 10,-54 (10.47,-53.50) height 2181
[38528.707] g45 onto 11,-54 (11.53,-53.50) height 2181
[38529.242] g45 onto 12,-54 (12.47,-53.50) height 2181
[38529.942] g45 onto 13,-54 (13.53,-53.50) height 2181
[38530.445] g45 onto 14,-54 (14.47,-53.50) height 2181
[38531.109] g45 onto 15,-54 (15.53,-53.50) height 2181
[38531.658] g45 onto 16,-54 (16.36,-53.61) height 2181
[38532.240] g45 onto 16,-55 (16.50,-54.50) height 2181
[38532.922] g45 onto 16,-56 (16.50,-55.53) height 2181
[38533.441] g45 onto 16,-57 (16.50,-56.47) height 2181
[38534.108] g45 onto 16,-58 (16.50,-57.53) height 2181
[38534.645] g45 onto 16,-59 (16.50,-58.47) height 2181
[38535.341] g45 onto 16,-60 (16.50,-59.53) height 2181
[38535.849] g45 onto 16,-61 (16.50,-60.47) height 2181
[38536.506] g45 onto 16,-62 (16.50,-61.53) height 2181
[38537.042] g45 onto 16,-63 (16.50,-62.47) height 2181
[38537.708] g45 onto 16,-64 (16.50,-63.53) height 2181
[38538.439] g45 onto 16,-65 (16.50,-64.50) height 2181
[38538.439] g45 stops on 16,-65 (16.50,-64.50) height 2181 after moving 52.01 s
[38539.907] g45 starts moving from 16,-65 (16.47,-64.47) height 2181 after standing 1.47 s
[38540.655] g45 onto 15,-64 (15.54,-63.53) height 2181
[38541.304] g45 onto 14,-63 (14.50,-62.63) height 2181
[38541.908] g45 onto 13,-63 (13.56,-62.50) height 2181
[38542.648] g45 onto 12,-63 (12.50,-62.50) height 2181
[38543.439] g45 onto 11,-63 (11.50,-62.50) height 2181
[38543.439] g45 stops on 11,-63 (11.50,-62.50) height 2181 after moving 3.53 s
[38545.308] g45 starts moving from 11,-63 (11.53,-62.50) height 2181 after standing 1.87 s
[38546.043] g45 onto 12,-63 (12.46,-62.50) height 2181
[38546.720] g45 onto 13,-63 (13.50,-62.50) height 2181
[38547.379] g45 onto 14,-63 (14.50,-62.50) height 2181
[38548.108] g45 onto 15,-63 (15.53,-62.50) height 2181
[38548.771] g45 onto 16,-63 (16.38,-62.37) height 2181
[38549.440] g45 onto 16,-62 (16.50,-61.47) height 2181
[38550.044] g45 onto 16,-61 (16.50,-60.50) height 2181
[38550.708] g45 onto 16,-60 (16.50,-59.47) height 2181
[38551.314] g45 onto 16,-59 (16.50,-58.50) height 2181
[38551.966] g45 onto 16,-58 (16.50,-57.50) height 2181
[38552.614] g45 onto 16,-57 (16.50,-56.48) height 2181
[38553.037] g45 onto 16,-56 (16.50,-55.73) height 2181
[38553.871] g45 onto 16,-55 (16.50,-54.47) height 2181
[38554.493] g45 onto 16,-54 (16.37,-53.62) height 2181
[38555.093] g45 onto 15,-54 (15.51,-53.50) height 2181
[38555.720] g45 onto 14,-54 (14.51,-53.50) height 2181
[38555.921] g45 lost from view on 14,-54 (14.21,-53.50) height 2181
[38561.927] g46 appears on 4,-54 (4.14,-53.50) height 2181
[38561.938] g46 starts moving from 4,-54 (4.12,-53.50) height 2181 after standing 0.01 s
[38562.310] g46 onto 3,-54 (3.63,-53.62) height 2181
[38562.889] g46 onto 3,-55 (3.50,-54.50) height 2181
[38563.451] g46 onto 3,-56 (3.50,-55.47) height 2181
[38564.049] g46 onto 3,-57 (3.50,-56.45) height 2181
[38564.649] g46 onto 3,-58 (3.50,-57.43) height 2181
[38565.246] g46 onto 3,-59 (3.50,-58.47) height 2181
[38565.861] g46 onto 3,-60 (3.40,-59.45) height 2181
[38566.518] g46 onto 2,-61 (2.46,-60.54) height 2181
[38567.049] g46 onto 1,-62 (1.57,-61.43) height 2181
[38567.718] g46 onto 0,-63 (0.38,-62.43) height 2181
[38568.249] g46 onto -1,-63 (-0.38,-62.63) height 2181
[38568.853] g46 onto -1,-64 (-0.50,-63.44) height 2181
[38569.449] g46 onto -1,-65 (-0.50,-64.47) height 2181
[38570.058] g46 onto -1,-66 (-0.50,-65.49) height 2181
[38570.649] g46 onto -1,-67 (-0.50,-66.47) height 2181
[38571.249] g46 onto -1,-68 (-0.50,-67.49) height 2181
[38571.856] g46 onto -1,-69 (-0.50,-68.47) height 2181
[38572.449] g46 onto -1,-70 (-0.50,-69.49) height 2181
[38573.057] g46 onto -1,-71 (-0.50,-70.47) height 2181
[38573.652] g46 onto -1,-72 (-0.50,-71.49) height 2181
[38574.250] g46 onto -1,-73 (-0.50,-72.47) height 2181
[38574.853] g46 onto -1,-74 (-0.60,-73.35) height 2181
[38575.515] g46 onto -2,-74 (-1.54,-73.50) height 2181
[38576.047] g46 onto -3,-74 (-2.43,-73.50) height 2181
[38576.651] g46 onto -4,-74 (-3.36,-73.61) height 2181
[38577.259] g46 onto -4,-75 (-3.50,-74.50) height 2181
[38577.847] g46 onto -4,-76 (-3.50,-75.45) height 2181
[38578.448] g46 onto -4,-77 (-3.50,-76.47) height 2181
[38579.047] g46 onto -4,-78 (-3.50,-77.49) height 2181
[38579.650] g46 onto -4,-79 (-3.50,-78.47) height 2181
[38580.246] g46 onto -4,-80 (-3.50,-79.45) height 2181
[38580.860] g46 onto -4,-81 (-3.61,-80.36) height 2181
[38581.447] g46 onto -5,-81 (-4.50,-80.50) height 2181
[38582.048] g46 onto -6,-81 (-5.45,-80.50) height 2181
[38582.646] g46 onto -7,-81 (-6.47,-80.50) height 2181
[38583.251] g46 onto -8,-81 (-7.45,-80.50) height 2181
[38583.846] g46 onto -9,-81 (-8.34,-80.41) height 2181
[38584.452] g46 onto -9,-80 (-8.50,-79.53) height 2181
[38585.058] g46 onto -9,-79 (-8.50,-78.57) height 2181
[38585.656] g46 onto -9,-78 (-8.50,-77.53) height 2181
[38586.255] g46 onto -9,-77 (-8.50,-76.55) height 2181
[38586.845] g46 onto -9,-76 (-8.50,-75.53) height 2181
[38587.451] g46 onto -9,-75 (-8.60,-74.65) height 2181
[38588.118] g46 onto -10,-75 (-9.54,-74.50) height 2181
[38588.647] g46 onto -11,-75 (-10.43,-74.50) height 2181
[38589.246] g46 onto -12,-75 (-11.47,-74.50) height 2181
[38589.851] g46 onto -13,-75 (-12.45,-74.50) height 2181
[38590.451] g46 onto -14,-75 (-13.47,-74.50) height 2181
[38591.050] g46 onto -15,-75 (-14.49,-74.50) height 2181
[38591.651] g46 onto -16,-75 (-15.47,-74.50) height 2181
[38592.252] g46 onto -17,-75 (-16.45,-74.50) height 2181
[38592.924] g46 onto -18,-75 (-17.50,-74.50) height 2181
[38593.541] g46 onto -19,-75 (-18.50,-74.50) height 2100
[38594.116] g46 onto -20,-75 (-19.47,-74.50) height 1853
[38594.733] g46 onto -21,-75 (-20.50,-74.50) height 1493
[38595.290] g46 lost from view on -22,-75 (-21.38,-74.50) height 1280
[38602.077] g47 appears on -25,-83 (-24.50,-82.81) height 1221
[38602.102] g47 starts moving from -25,-83 (-24.50,-82.82) height 1221 after standing 0.02 s
[38602.244] g47 lost from view on -25,-84 (-24.50,-83.03) height 1221
[38604.115] g48 appears on -24,-55 (-23.50,-54.20) height 798
[38604.125] g48 starts moving from -24,-55 (-23.50,-54.21) height 802 after standing 0.01 s
[38604.660] g48 lost from view on -24,-55 (-23.50,-54.98) height 1024
[38610.715] g49 appears on -14,-87 (-13.79,-86.50) height 2181
[38610.730] g49 starts moving from -14,-87 (-13.77,-86.50) height 2181 after standing 0.01 s
[38610.730] g49 lost from view on -14,-87 (-13.77,-86.50) height 2181
[38622.087] g50 appears on 2,-64 (2.50,-63.50) height 2181 (spawned by corpse 5,-63)
[38628.118] g51 appears on 7,-81 (7.18,-80.50) height 2181
[38628.134] g51 starts moving from 7,-81 (7.20,-80.50) height 2181 after standing 0.02 s
[38628.926] g51 onto 8,-81 (8.50,-80.50) height 2181
[38629.511] g51 onto 9,-81 (9.49,-80.50) height 2181
[38629.249] g50 lost from view on 2,-64 (2.50,-63.50) height 2181
[38629.532] g51 lost from view on 9,-81 (9.55,-80.50) height 2181
[38643.024] g52 appears on 23,-50 (23.50,-49.50) height 2181 (spawned by corpse 22,-51)
[38648.407] g53 appears on 18,-73 (18.50,-72.50) height 2181
[38648.440] g53 starts moving from 18,-73 (18.50,-72.50) height 2181 after standing 0.03 s
[38649.183] g53 onto 18,-74 (18.50,-73.41) height 2181
[38649.906] g53 onto 18,-75 (18.50,-74.50) height 2181
[38650.553] g53 onto 18,-76 (18.50,-75.49) height 2181
[38649.991] g52 lost from view on 23,-50 (23.50,-49.50) height 2181
[38651.260] g53 onto 18,-77 (18.50,-76.53) height 2181
[38651.935] g53 onto 18,-78 (18.50,-77.50) height 2181
[38652.647] g53 onto 18,-79 (18.50,-78.50) height 2181
[38653.287] g53 onto 18,-80 (18.50,-79.50) height 2181
[38653.911] g53 onto 18,-81 (18.37,-80.38) height 2181
[38654.577] g53 onto 17,-81 (17.50,-80.50) height 2181
[38655.211] g53 onto 16,-81 (16.50,-80.50) height 2181
[38655.855] g53 onto 15,-81 (15.50,-80.50) height 2181
[38656.478] g53 onto 14,-81 (14.50,-80.50) height 2181
[38657.105] g53 onto 13,-81 (13.51,-80.50) height 2181
[38657.706] g53 onto 12,-81 (12.50,-80.50) height 2181
[38658.314] g53 onto 11,-81 (11.49,-80.50) height 2181
[38658.929] g53 onto 10,-81 (10.50,-80.50) height 2181
[38659.541] g53 onto 9,-81 (9.50,-80.50) height 2181
[38660.120] g53 onto 8,-81 (8.50,-80.50) height 2181
[38660.721] g53 onto 7,-81 (7.63,-80.62) height 2181
[38661.348] g53 onto 7,-82 (7.50,-81.50) height 2181
[38661.929] g53 onto 7,-83 (7.50,-82.50) height 2181
[38662.510] g53 onto 7,-84 (7.50,-83.51) height 2181
[38663.120] g53 onto 7,-85 (7.50,-84.50) height 2181
[38663.734] g53 onto 7,-86 (7.50,-85.51) height 2181
[38664.048] g53 lost from view on 7,-87 (7.50,-86.01) height 2181
[38691.574] g54 appears on -24,-55 (-23.50,-54.98) height 1023
[38691.588] g54 starts moving from -24,-55 (-23.50,-54.96) height 1018 after standing 0.01 s
[38691.588] g54 lost from view on -24,-55 (-23.50,-54.96) height 1018
[38702.567] g55 appears on 5,-77 (5.80,-76.50) height 2181
[38702.582] g55 starts moving from 5,-77 (5.79,-76.50) height 2181 after standing 0.01 s
[38703.347] g55 onto 4,-77 (4.51,-76.50) height 2181
[38703.902] g55 onto 3,-77 (3.50,-76.50) height 2181
[38704.532] g55 onto 2,-77 (2.50,-76.50) height 2181
[38705.118] g55 onto 1,-77 (1.50,-76.50) height 2181
[38705.723] g55 onto 0,-77 (0.50,-76.50) height 2181
[38706.288] g55 onto -1,-77 (-0.37,-76.38) height 2181
[38706.859] g55 onto -1,-76 (-0.50,-75.50) height 2181
[38707.496] g55 onto -1,-75 (-0.50,-74.49) height 2181
[38708.120] g55 onto -1,-74 (-0.50,-73.50) height 2181
[38708.738] g55 onto -1,-73 (-0.50,-72.50) height 2181
[38709.302] g55 onto -1,-72 (-0.50,-71.53) height 2181
[38709.918] g55 onto -1,-71 (-0.50,-70.50) height 2181
[38710.479] g55 onto -1,-70 (-0.50,-69.53) height 2181
[38711.111] g55 onto -1,-69 (-0.50,-68.50) height 2181
[38711.634] g55 onto -1,-68 (-0.50,-67.57) height 2181
[38712.233] g55 onto -1,-67 (-0.50,-66.53) height 2181
[38712.830] g55 onto -1,-66 (-0.50,-65.51) height 2181
[38713.423] g55 onto -1,-65 (-0.50,-64.53) height 2181
[38714.026] g55 onto -1,-64 (-0.50,-63.55) height 2181
[38714.622] g55 onto -1,-63 (-0.41,-62.57) height 2181
[38715.266] g55 onto 0,-62 (0.53,-61.47) height 2181
[38715.609] g55 lost from view on 1,-61 (1.07,-60.93) height 2181
[38718.929] g56 appears on 3,-57 (3.50,-56.48) height 2181
[38718.942] g56 starts moving from 3,-57 (3.50,-56.44) height 2181 after standing 0.01 s
[38719.549] g56 onto 3,-56 (3.50,-55.49) height 2181
[38720.124] g56 onto 3,-55 (3.50,-54.51) height 2181
[38720.725] g56 onto 3,-54 (3.65,-53.60) height 2181
[38721.293] g56 onto 4,-54 (4.49,-53.50) height 2181
[38721.920] g56 onto 5,-54 (5.50,-53.50) height 2181
[38722.519] g56 onto 6,-54 (6.50,-53.50) height 2181
[38723.109] g56 onto 7,-54 (7.50,-53.50) height 2181
[38723.724] g56 onto 8,-54 (8.50,-53.50) height 2181
[38724.327] g56 onto 9,-54 (9.49,-53.50) height 2181
[38724.799] g56 onto 10,-54 (10.36,-53.50) height 2181
[38725.078] g56 lost from view on 10,-54 (10.80,-53.50) height 2181
[38728.092] g57 appears on 15,-54 (15.83,-53.50) height 2181
[38728.102] g57 starts moving from 15,-54 (15.85,-53.50) height 2181 after standing 0.01 s
[38728.519] g57 onto 16,-54 (16.37,-53.63) height 2181
[38729.137] g57 onto 16,-55 (16.50,-54.50) height 2181
[38729.728] g57 onto 16,-56 (16.50,-55.50) height 2181
[38730.175] g57 lost from view on 16,-57 (16.50,-56.26) height 2181
[38733.787] g58 appears on 16,-63 (16.50,-62.32) height 2181
[38733.799] g58 starts moving from 16,-63 (16.50,-62.33) height 2181 after standing 0.01 s
[38734.574] g58 onto 16,-64 (16.50,-63.51) height 2181
[38735.410] g58 onto 16,-65 (16.50,-64.50) height 2181
[38735.358] g58 stops on 16,-65 (16.50,-64.50) height 2181 after moving 1.56 s
[38736.651] g58 starts moving from 16,-65 (16.50,-64.50) height 2181 after standing 1.29 s
[38737.472] g58 onto 15,-64 (15.50,-63.50) height 2181
[38738.163] g58 onto 14,-63 (14.42,-62.58) height 2181
[38738.746] g58 onto 13,-63 (13.51,-62.50) height 2181
[38739.445] g58 onto 12,-63 (12.50,-62.50) height 2181
[38740.259] g58 onto 11,-63 (11.50,-62.50) height 2181
[38740.249] g58 stops on 11,-63 (11.50,-62.50) height 2181 after moving 3.60 s
[38742.081] g58 starts moving from 11,-63 (11.51,-62.50) height 2181 after standing 1.83 s
[38742.893] g58 onto 12,-63 (12.50,-62.50) height 2181
[38743.511] g58 onto 13,-63 (13.50,-62.50) height 2181
[38744.169] g58 onto 14,-63 (14.50,-62.50) height 2181
[38744.893] g58 onto 15,-63 (15.52,-62.50) height 2181
[38745.565] g58 onto 16,-63 (16.37,-62.38) height 2181
[38746.206] g58 onto 16,-62 (16.50,-61.51) height 2181
[38746.905] g58 onto 16,-61 (16.50,-60.50) height 2181
[38747.544] g58 onto 16,-60 (16.50,-59.49) height 2181
[38748.180] g58 onto 16,-59 (16.50,-58.50) height 2181
[38748.820] g58 onto 16,-58 (16.50,-57.50) height 2181
[38749.477] g58 onto 16,-57 (16.50,-56.49) height 2181
[38750.105] g58 onto 16,-56 (16.50,-55.50) height 2181
[38750.394] g58 lost from view on 16,-56 (16.50,-55.04) height 2181
[38752.449] g59 appears on 14,-54 (14.63,-53.50) height 2181
[38752.460] g59 starts moving from 14,-54 (14.61,-53.50) height 2181 after standing 0.01 s
[38753.094] g59 onto 13,-54 (13.50,-53.50) height 2181
[38753.726] g59 onto 12,-54 (12.49,-53.50) height 2181
[38754.340] g59 onto 11,-54 (11.50,-53.50) height 2181
[38754.931] g59 onto 10,-54 (10.50,-53.50) height 2181
[38755.530] g59 onto 9,-54 (9.50,-53.50) height 2181
[38756.109] g59 onto 8,-54 (8.50,-53.50) height 2181
[38756.633] g59 lost from view on 7,-54 (7.64,-53.50) height 2181
[38776.711] g60 appears on -4,-79 (-3.50,-78.87) height 2181
[38776.737] g60 starts moving from -4,-79 (-3.50,-78.89) height 2181 after standing 0.03 s
[38776.819] g61 appears on -24,-43 (-23.22,-42.53) height 261
[38776.845] g61 starts moving from -24,-43 (-23.21,-42.53) height 261 after standing 0.03 s
[38777.131] g60 onto -4,-80 (-3.50,-79.51) height 2181
[38777.310] g61 onto -23,-43 (-22.50,-42.50) height 261
[38777.735] g60 onto -4,-81 (-3.63,-80.38) height 2181
[38777.995] g61 onto -22,-43 (-21.50,-42.50) height 261
[38778.331] g60 onto -5,-81 (-4.49,-80.50) height 2181
[38778.692] g61 onto -21,-43 (-20.50,-42.50) height 261
[38778.907] g60 onto -6,-81 (-5.50,-80.50) height 2181
[38779.361] g61 onto -20,-43 (-19.49,-42.50) height 261
[38779.527] g60 onto -7,-81 (-6.50,-80.50) height 2181
[38780.002] g61 onto -19,-43 (-18.47,-42.50) height 261
[38780.131] g60 onto -8,-81 (-7.50,-80.50) height 2181
[38780.632] g61 onto -18,-43 (-17.50,-42.50) height 261
[38780.703] g60 onto -9,-81 (-8.37,-80.37) height 2181
[38781.291] g60 onto -9,-80 (-8.50,-79.51) height 2181
[38781.218] g61 lost from view on -17,-43 (-16.58,-42.50) height 261
[38781.368] g60 lost from view on -9,-80 (-8.50,-79.36) height 2181
[38805.282] g62 appears on -18,-87 (-17.53,-86.50) height 2181
[38805.299] g62 starts moving from -18,-87 (-17.51,-86.50) height 2181 after standing 0.02 s
[38805.935] g62 onto -17,-87 (-16.46,-86.50) height 2181
[38806.557] g62 onto -16,-87 (-15.50,-86.50) height 2181
[38807.161] g62 onto -15,-87 (-14.46,-86.50) height 2181
[38807.726] g62 onto -14,-87 (-13.50,-86.50) height 2181
[38808.324] g62 onto -13,-87 (-12.50,-86.50) height 2181
[38808.925] g62 onto -12,-87 (-11.50,-86.50) height 2181
[38809.461] g63 appears on -24,-30 (-23.25,-29.50) height 261
[38809.474] g64 appears on -28,-21 (-27.78,-20.50) height 261
[38809.474] g63 starts moving from -24,-30 (-23.23,-29.50) height 261 after standing 0.01 s
[38809.485] g64 starts moving from -28,-21 (-27.76,-20.50) height 261 after standing 0.01 s
[38809.474] g62 onto -11,-87 (-10.59,-86.59) height 2181
[38809.959] g63 onto -23,-30 (-22.49,-29.50) height 261
[38810.112] g62 onto -10,-88 (-9.50,-87.50) height 2181
[38810.378] g64 onto -27,-21 (-26.50,-20.50) height 261
[38810.581] g63 onto -22,-30 (-21.50,-29.50) height 261
[38810.765] g62 onto -9,-89 (-8.39,-88.42) height 2181
[38811.060] g64 onto -26,-21 (-25.50,-20.50) height 261
[38811.286] g62 onto -8,-89 (-7.48,-88.50) height 2181
[38811.902] g62 onto -7,-89 (-6.50,-88.50) height 2181
[38811.213] g63 lost from view on -21,-30 (-20.54,-29.50) height 261
[38811.213] g64 lost from view on -26,-21 (-25.31,-20.50) height 261
[38812.507] g62 onto -6,-89 (-5.50,-88.50) height 2181
[38813.124] g62 onto -5,-89 (-4.50,-88.50) height 2181
[38813.730] g62 onto -4,-89 (-3.50,-88.50) height 2181
[38814.309] g62 onto -3,-89 (-2.50,-88.50) height 2181
[38814.910] g62 onto -2,-89 (-1.50,-88.50) height 2181
